CREATE TABLE tab_aree (
  id_area serial NOT NULL,
  area varchar(50) NOT NULL DEFAULT null,
  stringa varchar(120) DEFAULT NULL,
  livelli varchar(20) NOT NULL,
  alli varchar(30) NOT NULL,
)
INSERT INTO tab_aree VALUES (1,'[NON AAA] Villa maledetta (Buona)',null,null,null),(2,'[AAA] Valle delle ombre','Una gelida brezza ti fa rabbrividire.',null,null),(3,'[AAA] Foresta incantata',null,null,null),(4,'[NON AAA] Lande di ghiaccio',null,null,null),(5,'[AAA] Imponente collina',null,'0 - 65',null),(6,'[NON AAA] Antiche grotte','Senti l\'acqua gocciolare',null,null),(7,'[AAA] Grotte',null,null,null),(8,'[NON AAA] Vallefonda',null,null,null),(9,'[NON AAA] Piramide di Sekhmet-Ra',null,null,null),(10,'[AAA] Monte Faerum',null,null,null),(12,'[NON AAA] Torre di Thakros','Dalla cima della torre arrivano sinistri rumori...',null,null),(13,'[NON AAA] Territori amazzoni',null,null,null),(14,'[AAA] Pozzo dei Coboldi',null,null,null),(15,'[AAA] Villaggio Fantasma ',null,'11 - 54',null),(16,'[AAA] Santuario-Fortezza di Adeon','Un lontano suono di campane riecheggia nell\'aria.',null,'Luce'),(17,'[NON AAA] Collina delle genti','La natura e\' una forte e calda presenza attorno a te...',null,null),(18,'[AAA] Tempus Fugit',null,null,null),(19,'[AAA] Palazzo nero',null,'40 - 51',null),(20,'[AAA] Adakar - La leggendaria Tolaria',null,null,'Luce'),(21,'[AAA] Torre di Archos','Debole risuona, lontano, il gracchiare dei corvi.',null,null),(22,'[AAA] Sepolcro dimenticato','Vieni pervaso da ricordi tristemente dolci.',null,null),(23,'[AAA] Vecchio rudere',null,null,null),(24,'[AAA] Antica chiesa',null,'15 - 31',null),(25,'[AAA] Santuario',null,null,null),(26,'[AAA] Nebbie',null,null,null),(27,'[AAA] Magica Mitabar',null,null,null),(28,'[NON AAA] Avamposto Nanico (Roccaforte Antica)',null,null,null),(29,'[AAA] Castello Nero',null,null,null),(30,'[AAA] Sepolcro degli Dei',null,null,null),(31,'[AAA] Remoto accampamento','Il silenzio della palude viene interrotto brevemente dalle urla dei negozianti e degli abitanti.','21 - 40',null),(32,'[AAA] Caseggiato nelle Nebbie',null,'15 - 50',null),(33,'[NON AAA] Sibria',null,null,null),(34,'[NON AAA] Antica Gundabad',null,null,null),(35,'[AAA] Piccolo villaggio elfico',null,'20 - 35','Luce'),(36,'[AAA] Accampamento dei briganti',null,null,null),(37,'[AAA] Avamposto','Senti il cupo rombo di un tuono in lontananza.','25 - 35',null),(38,'[NON AAA] Strana torre (Zoo)','Ruggiti terrificanti riempiono l\'aria',null,null),(39,'[AAA] Valle dei duergar',null,null,null),(40,'[NON AAA] Ishtaar',null,null,null),(41,'[AAA] Mercanthia',null,'0 - 54',null),(42,'[NON AAA] Villaggio di pescatori',null,null,null),(43,'[AAA] Monastero di Flaria',null,'20 - 25 (50)','Natura'),(44,'[AAA] Fortezza gnoll',null,null,null),(45,'[AAA] Roccaforte','Possenti passi risuonano tutt\'intorno...','0 - 54','Natura tendente Ombra'),(46,'[AAA] Villaggio maledetto',null,null,null),(47,'[AAA] Torre di cristallo',null,null,null),(48,'[AAA] Valico montano',null,'15 - 25',null),(50,'[AAA] Piccolo borgo di Netros',null,null,null),(51,'[AAA] Boscaioli','PATAPOOOMMM!!!',null,null),(52,'[AAA] Laboratori gnomici',null,null,'Luce'),(53,'[AAA] Torre dei predoni',null,null,null),(54,'[AAA] Locanda del viaggiatore',null,null,null),(55,'[AAA] Talron',null,null,null),(56,'[AAA] Bivacco',null,'2 - 18',null),(57,'Sconosciuta',null,null,null),(58,'[AAA] Wild',null,null,null),(61,'[AAA] Caverna degli ogre',null,null,null),(62,'[NON AAA] Campi di Mitabar',null,'45 - 54',null),(64,'[AAA] Antico bosco','-','30 - 40','Natura'),(66,'[AAA] Grande palude',null,'18 - 25',null),(67,'[AAA] Phtalah, la citta\' degli uomini lucertola','Strani sibili provengono dal profondo baratro.','30 -  54','Ombra'),(68,'[NON AAA] Villa maledetta (Cattiva)',null,null,null),(70,'[AAA] Chiesa di Pacrax',null,'40 - 50',null),(71,'[NON AAA] Roccaforte antica','Possenti passi... i nani si preparano alla battaglia!',null,null),(72,'[AAA] Sotterranei della non morte',null,null,null),(79,'[AAA] Porto di Legiamar','Senti il suono di un campanaccio che avvisa dell\'arrivo di altre navi al porto.',null,null),(80,'[AAA] CittÃ  di Libra','Le festose grida dei bambini ti giungono come echi lontani...','10 - 54',null),(81,'[AAA] CittÃ  portuale di Legiamar','Senti il suono di un campanaccio che avvisa dell\'arrivo di altre navi al porto.',null,null),(82,'[AAA] Piccola Valle',null,'8 - 15',null),(83,'[AAA] Boschetto',null,null,null),(84,'[AAA] Villa Disabitata','Sembra che il tempo si sia fermato...','30 - 42',null),(85,'[AAA] Battello del mare del Nord',null,'20 - 25','Natura'),(86,'[NON AAA] Rovine del villaggio di Doron','Sembra che il tempo si sia fermato...',null,null),(87,'[AAA] Il tempio infestato',null,'2 - 10',null);


CREATE TABLE tab_classi (
  id_classe serial NOT NULL,
  classe varchar(50) NOT NULL,
  nclassi char(1) NOT NULL,
  id_classi varchar(11) NOT NULL
)
INSERT INTO tab_classi VALUES (1,'Mago/Stregone',1,'1'),(2,'Chierico',1,'2'),(3,'Ladro',1,'3'),(4,'Guerriero',1,'4'),(6,'Druido',1,'6'),(7,'Ranger',1,'7'),(8,'Necromante',1,'8'),(9,'Paladino',1,'9'),(10,'Barbaro',1,'10'),(11,'Monaco',1,'11'),(12,'Corruttore',2,'4/8'),(13,'Oscuro',1,'13'),(14,'Ramingo',3,'1/2/4'),(15,'Flagello',2,'1/4'),(16,'Sapiente',2,'1/2'),(17,'Missionario',2,'2/4'),(18,'Sicario',2,'3/4'),(19,'Mercenario',3,'1/4/3'),(21,'Blasfemo',2,'2/3'),(22,'Illusionista',2,'1/3'),(23,'Asceta',2,'4/6'),(24,'Psionico',1,'24'),(25,'Mentalista',2,'4/24'),(27,'Profanatore',3,'2/3/4'),(29,'Bardo',1,'29'),(30,'Sacrilego',3,'1/2/3'),(31,'Dissacratore',2,'3/8'),(33,'Sconosciuta',0,'0'),(32,'Tiranno',2,'1/4');


CREATE TABLE tab_condizioni (
  id_condizione serial NOT NULL,
  condizione varchar(40) NOT NULL,
  val smallint NOT NULL,
  color varchar(10)
)
INSERT INTO tab_condizioni VALUES (1,'e\' in condizioni superbe',0,null),(2,'e\' in condizioni quasi superbe',1,null),(3,'e\' in eccellenti condizioni',2,null),(4,'e\' in condizioni quasi eccellenti',3,null),(5,'e\' in ottimo stato',4,null),(6,'e\' in buono stato',5,null),(7,'e\' un po\' rovinato',6,null),(8,'e\' in cattivo stato',7,null),(9,'ha bisogno di riparazioni',8,null),(10,'e\' in condizioni critiche',9,null),(11,'e\' quasi inutilizzabile',10,null),(12,'sta per cadere a pezzi',11,null),(13,'e\' a pezzi',12,null),(14,'caduto',13,null);

CREATE TABLE tab_livelli (
  id_livello serial NOT NULL,
  id_razza smallint NOT NULL,
  id_classe smallint NOT NULL,
  livello smallint NOT NULL,
  id_user int NOT NULL,
  data date NOT NULL
)

CREATE TABLE tab_menu (
  id_menu serial NOT NULL,
  link varchar(200) NOT NULL,
  titolo varchar(30) NOT NULL,
  perm varchar(30) NOT NULL DEFAULT 1,
  tip varchar(50) NOT NULL,
  titolo_pag varchar(50) NOT NULL,
  gruppo varchar(16) NOT NULL,
  act varchar(30) NOT NULL,
  page varchar(100) NOT NULL,
)

INSERT INTO tab_menu VALUES (1,'home.php?act=ricerca','Oggetti','1;2;','Ricerca Avanzata Oggetti','Ricerca Avanzata Oggetti','Ricerca','ricerca','frm_ricerca.php'),(2,'home.php?act=ins_oggetto','Oggetti','1;2;','Inserimento oggetti','Inserimento Oggetti','Inserimento','ins_oggetto','frm_ins_oggetto.php'),(3,'home.php?act=adm_user','Gestione Utenti','1;','Gestione utenti','Gestione Utenti','Admin','adm_user','../../Forms/frm_admin_users.php'),(4,'home.php?act=aree&page=first','Aree','1;2;','Inserimento Aree','Inserimento Aree','Inserimento','aree','frm_aree.php'),(5,'home.php?act=ins_valuta','Valuta Mostri','1;2;','Inserimento Valuta Mostri','Inserimento Valuta Mostri','Inserimento','ins_valuta','frm_ins_valuta.php'),(6,'home.php?act=trasf','Trasformazioni','1;2;','Trasformazioni','Trasformazioni','Ricerca','trasf','frm_trasf.php'),(7,'#','Classi','1;','Inserimento Classi','Inserimento Classi','Lavori in corso',"#","#"),(8,'home.php?act=vis_livelli','Livelli','1;','Visualizza Livelli','Visualizza Livelli','Ricerca','vis_livelli','frm_livelli.php'),(9,'home.php?act=ins_livelli','Livelli','1;','Inserimento Livelli','Inserimento Livelli','Inserimento','ins_livelli','frm_ins_livelli.php'),(10,'home.php?act=portali','Portali e Varchi','1;2;','Portali e Varchi temporali','Portali e Varchi temporali','Ricerca','portali','frm_portali.php'),(11,'home.php?act=naria','Mappa di Naria','1;2;','Visualizza la mappa di Naria','Mappa di Naria','Utility','naria','Naria.htm'),(12,'home.php?act=ins_room','Room','1;','Inserimento Room','Inserimento Room','Lavori in corso','ins_room','frm_ins_room.php'),(13,'home.php?act=vis_mappa','Mappa','1;','Visualizza Mappa','Visualizza Mappa','Lavori in corso','vis_mappa','frm_vis_mappa.php'),(14,'mailto:claudio.giordano@autistici.org?subject=[Adde Utility] ','Contatto','1;2;','Contatto','Contatto','[ ? ]','#','#'),(15,'Javascript: window.open(\'http://ddeweb.homelinux.com/\', \'_blank\'); void(0);','DDE Web','1;2;','DDE Web','DDE Web','Links','#','#'),(16,'home.php?act=compare','Confronta Oggetti','1;2;','Confronta Oggetti','Confronta Oggetti','Utility','compare','frm_compare.php'),(17,'home.php?act=adm_menu','Gestione Menu','1;','Gestione Menu','Gestione Menu','Admin','adm_menu','../../Forms/frm_admin_menu.php'),(18,'home.php?act=equip','Scelta Equipaggiamento','1;2;','Scelta Equipaggiamento','Scelta Equipaggiamento','Utility','equip','frm_equip.php'),(20,'home.php?act=connections&amp;page=first','Connections','1;','Connections','Connections','Admin','connections','../../Forms/frm_connections.php'),(21,'home.php?act=stats','Statistiche','1;2;','Statistiche','Statistiche','Ricerca','stats','frm_stats.php'),(22,'home.php?act=ck_slot','Verifica Utilizzo Slot','1;2;2;','Verifica Utilizzo Slot','Verifica Utilizzo Slot','Utility','ck_slot','frm_ck_slot.php'),(24,'home.php?act=mapper','Mapper','1;','Mapper','Mapper','Lavori in corso','mapper','mapper.php'),(25,'home.php?act=parser','Parser','1;','Parser','Parser','Lavori in corso','parser','parser_map.php'),(26,'home.php?act=ricerca_mob','Mostri','1;2;','Ricerca Valuta Mostri','Ricerca Valuta Mostri','Ricerca','ricerca_mob','frm_ricerca_mob.php'),(27,'home.php?act=tools','Download','1;2;3;','Download','Download','Utility','tools','frm_tools.php');

CREATE TABLE tab_oggetti (
  id_oggetto serial NOT NULL,
  nome varchar(100) NOT NULL,
  id_tipo smallint NOT NULL,
  peso varchar(4) DEFAULT NULL,
  vale varchar(12) DEFAULT NULL,
  rent varchar(12) DEFAULT NULL,
  liv smallint DEFAULT NULL,
  danno varchar(55) DEFAULT NULL,
  ac varchar(4) NOT NULL,
  prop text,
  modi text,
  id_rep smallint DEFAULT NULL,
  id_area varchar(3) DEFAULT NULL,
  mob varchar(200) DEFAULT NULL,
  id_user int NOT NULL,
  data timestamp NOT NULL,
  id_slot smallint NOT NULL,
  val1 smallint NOT NULL default 0,
  val2 smallint NOT NULL default 0,
  val3 smallint NOT NULL default 0,
  val4 smallint NOT NULL default 0,
  val5 smallint NOT NULL default 0,
  val6 smallint NOT NULL default 0,
  vnum int NOT NULL default 0,
  id_tipo_danno smallint NOT NULL DEFAULT '5'
)

INSERT INTO tab_oggetti VALUES (1,'Una affettaorchetti',1,'3','68','0',5,'Da 1 a 5 (media 3)','-','Nessuno\r\nMaggiora il danno solo contro la razza orchetto','Il tiro al danno di 1.',100,'56','Nobile elfo',2,'2008-09-26 13:38:14',14,0,0,0,0,0,0,0,1),(2,'Dei pantaloni di stoffa',15,'2','22','2',3,'-','-','MAGICO','Grado di minaccia di -1.',100,'55','Acquistato al Bazar',2,'2008-09-07 16:15:19',6,0,0,0,0,0,0,0,6),(3,'Un vecchio paio di stivali',15,'1','10','0',2,'-','0','Nessuno',null,100,'55','Sala dei doni.',2,'2008-09-07 16:17:23',7,0,0,0,0,0,0,0,6),(4,'Delle protezioni elfiche di cuoio',16,'4','42','6',5,'-','0','Nessuno','Il regain del movimenti di 1.\r\nModifica i punti movimento di 1.',100,'56',null,2,'2008-09-26 13:40:40',20,0,0,0,0,0,0,0,6),(5,'Un mantello bianco',15,'2','10','1',2,'-','0','MAGICO','Lo spell fail di -1.',100,'55','Acquistato al Bazar',2,'2008-09-07 16:23:00',22,0,0,0,0,0,0,0,6),(6,'Un cappuccio di cuoio',16,'2','10','0',2,'-','1','Nessuno',null,100,'57',null,2,'2008-09-07 17:09:09',5,0,0,0,0,0,0,0,6),(7,'Un coltello da cucina',1,'2','8','8',5,'Da 1 a 3 (media 2)','-','Nessuno','Il tiro per colpire di 1.',100,'57',null,2,'2008-09-12 21:12:54',14,0,0,0,0,0,0,0,1),(8,'Un anello d\'oro con topazio',4,'0','360','36',12,'-','0','ANTI-CATTIVO RESISTENTE','Il carisma di 1.',100,'41','Acquistato dal gioielliere',2,'2008-09-17 21:52:44',2,0,0,0,0,0,0,0,6),(9,'Una collana di rame',4,'0','202','0',9,'-','-','MAGICO FRAGILE','Grado di minaccia di -2.\r\nModifica lo spell fail di -5.',100,'57',null,2,'2008-09-12 22:21:44',3,0,0,0,0,0,0,0,6),(295,'Un giustacuore di cuoio di foggia elfica',16,'22','02','20',9,'-','2','Nessuno','La destrezza di 1.',100,'56','Saser',2,'2009-04-10 13:04:00',4,0,0,0,0,0,0,0,6),(11,'Un grosso diamante',4,'0','90','9',6,'-','-','RESISTENTE','Il regain del mana di 2.',100,'41','Acquistato dal gioielliere',2,'2008-09-12 23:05:07',15,0,0,0,0,0,0,0,6),(12,'Una fascia di seta blu',15,'1','202','20',9,'-','-','ANTI-BUONO','La destrezza di 1.',100,'36','Nezogral',2,'2008-09-17 21:26:12',12,0,0,0,0,0,0,0,6),(13,'Un orecchino nanico con il disegno di una runa',4,'0','2','12',7,'-','-','Nessuno\r\nAumenta i danni dei tuoi incantesimi di ghiaccio di 1.',null,100,'78','Nano',2,'2008-09-12 23:52:03',16,0,0,0,0,0,0,0,6),(284,'Un collare di pelle',15,'1','2700','270',30,'-','0','ANTI-MAGO ANTI-CHIERICO ANTI-DRUIDO ANTI-PSIONICO ANTI-NECROMANTE ANTI-STREGONE','Il tiro al danno di 1.\r\nModifica il regain dei pf di 3.\r\nModifica grado di minaccia di 2.',100,'2','Guerriero scheletrico',2,'2009-04-05 18:52:07',3,0,0,0,0,0,0,0,6),(15,'Una spilla d\'argento',4,'0','302','0',11,'-','-','MALVAGIO MAGICO RESISTENTE','Il regain dei pf di 2.\r\nModifica grado di minaccia di -1.',100,'41','Acquistato dal gioielliere',2,'2008-09-21 20:11:40',12,0,0,0,0,0,0,0,6),(16,'Un domino di seta nera',3,'1','64','64',16,'-','0','SCURO ANTI-BUONO','La forza di 1.\r\nModifica l\'AC di 1.',100,'41','Acquistato dalla sarta',2,'2008-09-17 20:52:25',4,0,0,0,0,0,0,0,6),(17,'Un mantello ricamato',15,'1','562','56',15,'-','0','MAGICO BENEDETTO ANTI-CATTIVO','La destrezza di 1.\r\nModifica l\'AC di 1.',100,'41','Acquistato dalla sarta',2,'2008-09-26 20:58:14',22,0,0,0,0,0,0,0,6),(18,'Una coperta di lana',15,'1','302','30',11,'-','0','TRASPORTABILE FRAGILE','La resistenza al freddo di 1.',100,'41','Acquistato dalla sarta',2,'2008-09-18 20:21:54',4,0,0,0,0,0,0,0,6),(19,'Un cappotto imbottito',3,'2','422','42',13,'-','0','ANTI-CATTIVO TRASPORTABILE ANTI-MAGO ANTI-LADRO FRAGILE','L\'AC di 1.\r\nModifica la resistenza al freddo di 1.',102,'27','Acquistato dalla sarta',2,'2008-09-17 21:13:52',4,0,0,0,0,0,0,0,6),(20,'Una veste leggera di cotone',15,'1','562','56',15,'-','0','FRAGILE','La destrezza di 1.',100,'41','Acquistato dalla sarta',2,'2008-09-17 21:25:16',4,0,0,0,0,0,0,0,6),(21,'Un paio di guanti di pelle scura',15,'1','810','81',18,'-','0','SCURO MAGICO TRASPORTABILE','La destrezza di 1.\r\nModifica l\'AC di 2.',100,'27','Acquistato dal conciatore',2,'2008-09-18 20:03:43',8,0,0,0,0,0,0,0,6),(22,'Una fasciatura in cuoio',15,'1','4','49',14,'-','-','MAGICO BENEDETTO ANTI-CATTIVO','L\'AC di 2.\r\nModifica il tiro per colpire di 1.',100,'41','Acquistato dal conciatore',2,'2008-09-17 21:37:11',9,0,0,0,0,0,0,0,6),(23,'Un paio di guanti in pelle',15,'1','490','49',14,'-','-','Nessuno','L\'AC di 1.\r\nModifica la forza di 1.',100,'41','Acquistato dal conciatore',2,'2008-09-17 21:38:42',8,0,0,0,0,0,0,0,6),(24,'Un copricapo di cuoio',16,'2','49','49',14,'-','2','Nessuno','I punti ferita di 2.\r\nModifica l\'AC di 2.',100,'41','Acquistato dal conciatore',2,'2008-09-17 21:41:24',5,0,0,0,0,0,0,0,6),(25,'Un anello da apprendista',15,'1','588','58',14,'-','0','Nessuno\r\nAumenta i danni dei tuoi incantesimi di fuoco di 4.','L\'AC di 2.',100,'44','Olcoth',2,'2009-03-21 23:26:04',2,0,0,0,0,0,0,0,6),(26,'Un grosso libro rosso',4,'1','832','83',16,'-','-','LUMINOSO MAGICO BENEDETTO','L\'intelligenza di 1.\r\nAumenta i danni dei tuoi incantesimi di fuoco di 3.',100,'44','Gnoll stregone',2,'2008-09-17 22:51:25',15,0,0,0,0,0,0,0,6),(27,'Dei pantaloni di lino rosso',15,'1','832','83',16,'-','0','MAGICO','La destrezza di 1.\r\nModifica il mana di 1.\r\nModifica il regain del mana di 3.\r\nModifica grado di minaccia di -1.',100,'44','Gnoll stregone',2,'2008-09-18 20:22:04',6,0,0,0,0,0,0,0,6),(28,'Una staffa ben fatta',1,'3','1215','121',18,'Da 1 a 4 (media 2)','-','BENEDETTO ANTI-CHIERICO CLASSE-UNIQUE.\r\nAumenta gli effetti dei tuoi incantesimi di cura di 6.',null,100,'44','Cuoco',2,'2009-04-20 22:30:27',14,0,0,0,0,0,0,0,2),(29,'Dei bracciali in pelle borchiata',16,'4','1012','101',18,'-','3','MAGICO','Il tiro per colpire di 1.',100,'44','Cuoco',38,'2009-03-18 19:14:45',13,0,0,0,0,0,0,0,6),(30,'Un pendente con un quarzo brillante',4,'0','832','83',16,'-','-','Nessuno','La saggezza di 1.\r\nModifica il mana di 7.',100,'44','Gnoll stregone',2,'2008-09-17 23:05:19',3,0,0,0,0,0,0,0,6),(31,'L\'anello della concentrazione',4,'0','832','83',16,'-','-','Nessuno','Il mana di 12.',100,'44','Gnoll stregone',2,'2008-09-18 00:28:19',2,0,0,0,0,0,0,0,6),(32,'Una giacca di velluto',15,'1','330','0',10,'-','0','ANTI-DRUIDO CLASSE-UNIQUE','L\'intelligenza di 1.',100,'80','Nell\'armadio nella stanza una casa elegante',2,'2008-09-20 19:10:46',4,0,0,0,0,0,0,0,6),(33,'Stivali di cuoio',16,'3','332','0',11,'-','0','Nessuno','Il tiro al danno di 1.',100,'14','Nel pozzo',2,'2008-09-20 19:16:04',7,0,0,0,0,0,0,0,6),(34,'Un morbido cappello di lana',15,'1','250','0',10,'-','-','ANTI-MAGO ANTI-GUERRIERO ANTI-BARBARO ANTI-PSIONICO ANTI-STREGONE FRAGILE','Il carisma di 1.',100,'80','Acquistato...dove?',2,'2008-09-20 19:19:37',5,0,0,0,0,0,0,0,6),(35,'Un paio di ruvidi guanti',3,'1','562','0',15,'-','-','ANTI-MAGO ANTI-LADRO ANTI-GUERRIERO ANTI-CHIERICO ANTI-PSIONICO ANTI-NECROMANTE ANTI-MONACO ANTI-STREGONE','Il tiro per colpire di 1.\r\nModifica la forza di 1.\r\nModifica il regain del mana di 2.',100,'80','Acquistati al negozio per minatori',2,'2008-09-20 19:27:54',8,0,0,0,0,0,0,0,6),(36,'Un paio di pantaloni rossi',15,'1','1320','132',20,'-','0','ANTI-DRUIDO CLASSE-UNIQUE','Il regain del mana di 5.\r\nAumenta gli effetti dei tuoi incantesimi di cura di 2.\r\nModifica la resistenza all\'energia di 1.',100,'80','Nell\'armadio nella stanza una casa elegante',2,'2008-09-20 20:06:51',6,0,0,0,0,0,0,0,6),(37,'Una piccola spilla dorata',15,'1','1200','120.',20,'-','0','MAGICO ANTI-CHIERICO ANTI-DRUIDO ANTI-RANGER CLASSE-UNIQUE FRAGILE','Il mana di 2.\r\nModifica la saggezza di 1.\r\n\r\nAumenta gli effetti dei tuoi incantesimi di cura di 3.\r\n\r\nModifica lo spell fail di -1.\r\n\r\nModifica l\'AC di 2.',100,'80','Acquistato dal gioielliere umano.',2,'2008-09-20 20:14:32',3,0,0,0,0,0,0,0,6),(38,'Un paio di calighe',16,'2','810','81',18,'-','2','TRASPORTABILE','Il tiro per colpire di 1.',100,'41','Acquistato dal calzolaio',2,'2008-09-20 22:11:08',7,0,0,0,0,0,0,0,6),(39,'Un paio di mocassini',15,'1','302','30',11,'-','-','MAGICO ANTI-CATTIVO ANTI-MAGO ANTI-GUERRIERO ANTI-BARBARO ANTI-OSCURO ANTI-PALADINO ANTI-STREGONE','L\'AC di 2.\r\nModifica bonus agli incantesimi sacri di 1.',100,'41','Acquistato dal calzolaio',2,'2008-09-20 22:11:00',7,0,0,0,0,0,0,0,6),(40,'Un paio di sandali',15,'1','490','49',14,'-','-','MAGICO ANTI-CATTIVO','L\'AC di 3.',100,'41','Acquistato dal calzolaio',2,'2008-09-20 22:10:53',7,0,0,0,0,0,0,0,6),(41,'Un paio di scarponcini chiodati',16,'2','302','30',11,'-','-','Nessuno','I punti movimento di -5.\r\nModifica l\'AC di 2.',100,'41','Acquistato dal calzolaio',2,'2008-09-20 22:13:46',7,0,0,0,0,0,0,0,6),(42,'Un paio di stivali dal pelo di lupo',16,'2','675','67',15,'-','2','MALVAGIO ANTI-BARBARO CLASSE-UNIQUE','Il tiro per colpire di 1.\r\nModifica la capacita\' di calciare di 20.',100,'41','Acquistato dal calzolaio',2,'2008-09-20 22:15:07',7,0,0,0,0,0,0,0,6),(43,'Uno spadone',1,'6','90','9',6,'Da 1 a 6 (media 3)','-','Nessuno',null,100,'55','Acquistato dall\'armaiolo',2,'2009-02-12 13:11:49',23,0,0,0,0,0,0,0,1),(44,'Una frusta',1,'2','90','9',6,'Da 1 a 4 (media 2)','-','ANTI-MAGO ANTI-PSIONICO ANTI-PALADINO ANTI-STREGONE',null,100,'55','Acquistato dall\'armaiolo',2,'2008-09-21 00:56:41',14,0,0,0,0,0,0,0,7),(45,'Una corazza di rame',2,'45','40','4',4,'-','3','Nessuno',null,100,'55','Acquistato dal mercante di armature',2,'2009-02-20 11:50:00',4,0,0,0,0,0,0,0,6),(46,'Un bracciale di metallo',2,'9','22','2',3,'-','-','Nessuno','I punti ferita di 2.',100,'55','Acquistato dal mercante di armature',2,'2008-09-21 01:30:09',9,0,0,0,0,0,0,0,6),(47,'Uno spadone lungo',1,'3','250','25',10,'Da 2 a 6 (media 4)','-','RESISTENTE','Il tiro al danno di 1.',100,'44','Gnoll',2,'2009-02-12 13:11:23',23,0,0,0,0,0,0,0,1),(48,'Un bracciale d\'ametista',4,'0','810','81',18,'-','-','BENEDETTO ANTI-CATTIVO ANTI-NEUTRALE TRASPORTABILE','Il tiro per colpire di 1.',100,'41','Acquistato dal gioielliere',2,'2010-02-14 16:05:35',13,0,0,0,0,0,0,0,6),(49,'Un orecchino di perle',4,'1','332','33',11,'-','-','MAGICO','La saggezza di 1.\r\nModifica grado di minaccia di -2.',100,'54','Nel baule',2,'2008-09-21 20:31:26',16,0,0,0,0,0,0,0,6),(50,'Un piccolo aglio',20,'0','10','1',2,'-','-','Nessuno','Il carisma di -1.\r\nPuo\' effettuare a livello 8 le seguenti magie: \r\n - \'protection\'.',100,'80','Acquistato da Liudolfo l\'erbolario',2,'2010-03-25 17:33:06',15,0,0,0,0,0,0,0,6),(51,'Un ciuffo di trifogli',20,'0','10','1',2,'-','-','Nessuno','La fortuna di 1.\r\nPuo\' effettuare a livello 4 le seguenti magie: \r\n - \'avvelena\'',100,'80','Acquistato da Liudolfo l\'erbolario',2,'2010-03-25 17:53:59',15,0,0,0,0,0,0,0,6),(52,'Il teschio di un demone vampiro',4,'1','302','30',11,'-','-','MAGICO FRAGILE','L\'intelligenza di 1.',100,'50','Nel loculo a nord del chierico',2,'2008-09-24 22:09:32',15,0,0,0,0,0,0,0,6),(53,'Delle spalline di cuoio rinforzato',16,'4','360','36',12,'-','-','Nessuno','L\'AC di 1.\r\nModifica il tiro al danno di 1.',100,'81','Contrabbandiere',2,'2008-09-24 22:34:54',9,0,0,0,0,0,0,0,6),(54,'Dei pesanti guardiabraccia di acciaio elfico',17,'18','2','16',8,'-','2','Nessuno',null,100,'56',null,2,'2008-09-26 13:36:30',9,0,0,0,0,0,0,0,6),(55,'Un pesante elmo d\'acciaio elfico',17,'9','2','9',6,'-','4','Nessuno','Il regain del mana di 1.',100,'56','Nobile elfo',2,'2008-09-26 13:37:12',5,0,0,0,0,0,0,0,6),(56,'Una corazza di argentea maglia elfica',2,'45','2','16',8,'-','2','Nessuno','L\'AC di 1.',100,'56','Nobile elfo',2,'2008-09-26 13:39:27',4,0,0,0,0,0,0,0,6),(57,'Un porteggifronte elfico di cuoio',16,'2','2','6',5,'-','1','Nessuno',null,100,'56',null,2,'2008-09-26 13:52:20',5,0,0,0,0,0,0,0,6),(58,'Un\'antica protezione di rame',16,'0','270','27',9,'-','-','COVERING ANTI-CATTIVO ANTI-NEUTRALE ANTI-DRUIDO ANTI-VAMPIRO ANTI-PALADINO ANTI-MONACO FRAGILE DONAZIONE','L\'AC di 1.',100,'56','Flagello',2,'2008-09-26 13:53:21',20,0,0,0,0,0,0,0,6),(59,'Un talismano di protezione',4,'0','302','30',11,'-','-','LUMINOSO MAGICO BENEDETTO ANTI-CATTIVO RESISTENTE\r\nAumenta la difficolta\\\' di resistere ai tuoi incantesimi di 1.',null,100,'41','Acquistato da Towak',2,'2008-09-26 13:54:18',3,0,0,0,0,0,0,0,6),(60,'Una cintura di pietre sbalzate',16,'2','302','30',11,'-','0','ANTI-BUONO ANTI-CHIERICO ANTI-DRUIDO ANTI-VAMPIRO ANTI-PSIONICO ANTI-OSCURO ANTI-PALADINO ANTI-RANGER','La forza di 1.',100,'31','Acquistato da Lukes',2,'2008-09-26 17:59:03',12,0,0,0,0,0,0,0,6),(61,'Un paio di guanti di pelle',15,'1','302','30',11,'-','0','Nessuno','La forza di 1.\r\nModifica l\'AC di 1.',100,'31','Acquistato da Lukes',2,'2008-09-28 20:20:13',8,0,0,0,0,0,0,0,6),(62,'Una giacca in pelle di serpente',16,'22','731','73',15,'-','3','Nessuno','La destrezza di 1.\r\nModifica i punti ferita di 1.\r\nModifica l\'AC di 3.\r\nModifica l\'eta\' di -1.',100,'44','Carceriere',2,'2008-09-27 20:41:17',4,0,0,0,0,0,0,0,6),(63,'Dei pantaloni in pelle di serpente',16,'9','731','73',15,'-','3','Nessuno','La destrezza di 1.\r\nModifica i punti ferita di 2.\r\nModifica l\'AC di 3.',100,'44','Carceriere',2,'2008-09-27 20:42:51',6,0,0,0,0,0,0,0,6),(64,'Una frusta di cuoio',1,'1','731','73',15,'Da 1 a 6 (media 3)','-','Nessuno','Il tiro al danno di 1.\r\nModifica lo spell fail di -2.',100,'44','Carceriere',2,'2010-02-25 13:27:03',14,0,0,0,0,0,0,0,7),(65,'Un paio di stivali in pelle di serpente',16,'2','731','73',15,'-','2','Nessuno','Il tiro al danno di 1.\r\nModifica i punti movimento di 8.\r\nModifica l\'AC di 3.',100,'44','Carceriere',2,'2008-09-27 22:33:52',7,0,0,0,0,0,0,0,6),(66,'Un anello di legno',15,'1','360','36',12,'-','0','ANTI-BUONO ANTI-NEUTRALE ANTI-BARBARO ANTI-PSIONICO','Il regain dei pf di 2.\r\nModifica i punti ferita di 2.\r\nModifica grado di minaccia di 1.\r\nModifica l\'AC di 1.',100,'45','Nello scrigno che si cerca dal priore',2,'2008-09-28 16:56:00',2,0,0,0,0,0,0,0,6),(67,'Un saio scuro',15,'1','972','97',18,'-','0','MAGICO ANTI-MONACO CLASSE-UNIQUE','Grado di minaccia di -2.\r\nModifica l\'AC di 3.\r\nModifica la destrezza di 1.',100,'43','Monaco campione',2,'2008-09-28 19:19:53',4,0,0,0,0,0,0,0,6),(68,'Un\'ascia da battaglia a due mani',1,'4','810','81',18,'Da 1 a 7 (media 4)','-','RESISTENTE','Il tiro per colpire di 1.',100,'41','Acquistata dal venditore di armi',2,'2008-10-12 12:46:43',23,0,0,0,0,0,0,0,1),(69,'Un amuleto di pietra',4,'2','325','32',10,null,null,'Magico','Modifica il mana di 10',100,'23','Orchetto Stregone',38,'2008-09-30 16:04:21',3,0,0,0,0,0,0,0,6),(70,'Una veste color pece',15,'1','300','0',10,null,'0','Proprieta\' speciali: MAGICO','Modifica la destrezza di 1.\r\nModifica l\'AC di 2.\r\nModifica bonus agli incantesimi d\'ombra di 1',100,'23','Orchetto Stregone',38,'2008-09-30 16:08:00',4,0,0,0,0,0,0,0,6),(71,'Una pesante tunica zafferano',15,'2','250','25',10,'-','0','Nessuno','L\'AC di 2.\r\nModifica la forza di 1.',100,'21','Umano apprendista',2,'2008-10-04 14:24:35',4,0,0,0,0,0,0,0,6),(72,'Dei morbidi calzari',15,'1','62','6',5,'-','0','MAGICO','L\'AC di 1.\r\nModifica grado di minaccia di -1.',100,'21','Umano apprendista',2,'2008-10-04 14:24:24',7,0,0,0,0,0,0,0,6),(73,'Una leggera veste di lino',15,'1','202','20',9,'-','-','Nessuno','La destrezza di 1.',100,'21','Inserviente',2,'2008-10-04 14:28:32',4,0,0,0,0,0,0,0,6),(74,'Un bastone nodoso',1,'3','202','20',9,'Da 1 a 6 (media 3)','-','FRAGILE','Lo spell fail di -3.',100,'21','Inserviente',2,'2008-10-04 14:30:31',14,0,0,0,0,0,0,0,2),(75,'Un mantello da viaggio logoro',15,'1','588','58',14,'-','0','Nessuno','I tiri salvezza su Riflessi di 1.\r\nModifica l\'AC di 2.',100,'44','Olcoth',2,'2008-10-04 14:44:47',22,0,0,0,0,0,0,0,6),(76,'Un bracciale di avorio e zaffiri',15,'1','810','0',18,'-','-','ANTI-MAGO ANTI-CHIERICO ANTI-DRUIDO ANTI-PSIONICO ANTI-NECROMANTE ANTI-STREGONE','La forza di 1.\r\nModifica l\'AC di 3.\r\nModifica il tiro al danno di 1.\r\nModifica grado di minaccia di 3.',100,'30','Ragnone',2,'2008-10-04 18:13:49',13,0,0,0,0,0,0,0,6),(77,'Il bracciale del vagabondo',15,'1','612','0',14,'-','-','Nessuno','La forza di 1.\r\nModifica il regain del mana di 1.\r\nModifica il tiro al danno di 1.',100,'44','Olcoth',2,'2008-10-04 18:15:17',13,0,0,0,0,0,0,0,6),(78,'Un elmo in pelle di serpente',16,'2','731','0',15,'-','3','Nessuno','I punti ferita di 2.\r\nModifica il mana di 3.\r\nModifica l\'AC di 2.',100,'44','Carceriere',2,'2008-10-04 18:16:39',5,0,0,0,0,0,0,0,6),(79,'Dei gambali di acciaio ossidato',17,'36','588','0',14,'-','6','Nessuno','La destrezza di 1.\r\nModifica i punti ferita di 1.\r\nModifica l\'AC di 2.',100,'44','Olcoth',2,'2008-10-04 18:18:41',6,0,0,0,0,0,0,0,6),(80,'Una calotta metallica',16,'2','1562','0.',25,'-','1','RESISTENTE','L\'AC di 4.\r\nAumenta la difficolta\' di resistere ai tuoi incantesimi di 3.',100,'21','Archos',2,'2008-10-04 18:56:52',5,0,0,0,0,0,0,0,6),(81,'Una Cintura dell\'Agilita\'',15,'1','1562','0',25,'-','0','MAGICO RESISTENTE','La destrezza di 1.\r\nModifica l\'AC di 5.\r\n\r\nModifica lo spell fail di -10.',100,'21','Archos',2,'2008-10-08 22:13:50',12,0,0,0,0,0,0,0,6),(82,'Una Tunica di Esaltazione',15,'1','1562','0',25,'-','0','LUMINOSO MAGICO ANTI-LADRO ANTI-GUERRIERO ANTI-DRUIDO ANTI-VAMPIRO ANTI-BARBARO ANTI-PSIONICO ANTI-NECROMANTE ANTI-OSCURO ANTI-PALADINO ANTI-RANGER ANTI-MONACO','Il mana di 5.\r\nModifica l\'intelligenza di 1.\r\nModifica l\'AC di 5.',100,'21','Archos',2,'2008-10-04 19:01:56',4,0,0,0,0,0,0,0,6),(83,'Dei sandali bianchi e oro',15,'1','1562','0',25,'-','0','MAGICO ANTI-GUERRIERO ANTI-BARBARO ANTI-OSCURO ANTI-PALADINO ANTI-RANGER FRAGILE','Il regain dei pf di 3.\r\nModifica l\'AC di 1.\r\nModifica lo spell fail di -3.',100,'21','Archos',2,'2008-10-04 19:03:28',7,0,0,0,0,0,0,0,6),(84,'Un pugnale dalla lama scura',1,'1','1455','0',21,'Da 3 a 6 (media 4)','-','ANTI-LADRO CLASSE-UNIQUE RESISTENTE','Il tiro al danno di 1.\r\nModifica il peso di 1.',100,'31','Acquistato da Lukes',2,'2008-10-04 19:58:25',14,0,0,0,0,0,0,0,3),(85,'Un paio di orecchini di lapislazzulo',15,'1','810','81',18,null,'0','MAGICO ANTI-LADRO ANTI-GUERRIERO ANTI-BARBARO ANTI-OSCURO ANTI-PALADINO ANTI-RANGER ANTI-MONACO ANTI-STREGONE','Modifica l\'intelligenza di 1.\r\nModifica il regain del mana di 4.',100,'30','Ragnone',2,'2008-10-05 01:49:42',16,0,0,0,0,0,0,0,6),(86,'Un mantello di seta nera',15,'1','1212','121',21,'-','0','MAGICO','La destrezza di 1.\r\nModifica l\'AC di 4.\r\nModifica grado di minaccia di -2.\r\nModifica lo spell fail di -5.',100,'32','Cubo gelatinoso nell\'ossario',2,'2008-10-05 18:26:15',22,0,0,0,0,0,0,0,6),(87,'Una grossa ascia bipenne',1,'4','COM00','100',20,'Da 2 a 7 (media 4)','-','ANTI-CATTIVO ANTI-NEUTRALE ANTI-MAGO ANTI-LADRO ANTI-CHIERICO ANTI-OSCURO ANTI-MONACO ANTI-STREGONE RESISTENTE','Il tiro per colpire di 1.\r\nModifica grado di minaccia di 3.',100,'21','Nano Khaurim',2,'2008-10-08 21:52:53',14,0,0,0,0,0,0,0,1),(88,'Una pesante maglia d\'acciaio azzurro',2,'47','1000','100',20,'-','4','ANTI-MAGO ANTI-LADRO ANTI-DRUIDO ANTI-VAMPIRO ANTI-PSIONICO ANTI-RANGER ANTI-MONACO ANTI-STREGONE RESISTENTE','L\'AC di 5.',100,'21','Nano Khaurim',2,'2008-10-08 21:54:06',4,0,0,0,0,0,0,0,6),(89,'Un paio di stivali ferrati',2,'5','1000','100',20,'-','4','ANTI-MAGO ANTI-LADRO ANTI-CHIERICO ANTI-DRUIDO ANTI-VAMPIRO ANTI-PSIONICO ANTI-NECROMANTE ANTI-RANGER ANTI-MONACO\r\nANTI-STREGONE RESISTENTE','L\'AC di 4.\r\nModifica i punti movimento di 10.',100,'21','Nano Khaurim',2,'2008-10-08 21:56:39',7,0,0,0,0,0,0,0,6),(90,'Una staffa elettrica',3,'2','1562','156',25,'-','-','Ha 2(2) cariche di livello 25 delle seguenti magie:\r\n - \'fulmine magico\'\r\nMAGICO ANTI-LADRO ANTI-GUERRIERO ANTI-CHIERICO ANTI-VAMPIRO ANTI-BARBARO ANTI-PSIONICO ANTI-OSCURO ANTI-PALADINO\r\nANTI-RANGER ANTI-MONACO RESISTENTE',null,100,'21','Archos',2,'2008-10-08 22:16:05',15,0,0,0,0,0,0,0,6),(91,'Un singolo guardiabraccia di argento sul braccio sinistro',2,'9','1000','100',20,'-','5','RESISTENTE','Modifica l\'AC di 5.\r\nModifica i punti ferita di 1.',100,'85','Dhuglar',2,'2009-02-19 20:38:43',9,0,0,0,0,0,0,0,6),(92,'Un anello nero di ossidiana',4,'0','1718','0',25,'-','-','MAGICO ANTI-BUONO ANTI-NEUTRALE','Modifica i punti ferita di 3.\r\nModifica il regain del mana di 3.\r\nModifica grado di minaccia di -2.',100,'47','Studente',2,'2008-10-11 13:12:54',2,0,0,0,0,0,0,0,6),(93,'Un pugnale dalla lama di giada',1,'2','810','0',18,'Da 2 a 6 (media 4)','-','MAGICO FRAGILE','Il tiro al danno di 1.',100,'50','Shark',2,'2008-10-11 17:12:31',14,0,0,0,0,0,0,0,3),(94,'Un paio di stivali di morbida pella scamoisciata',15,'1','1053','0',18,'-','0','FRAGILE','Il regain del movimenti di 7.',100,'50','Shark',2,'2008-10-11 17:13:43',7,0,0,0,0,0,0,0,6),(95,'Un paio di guanti di velluto',15,'1','1562','156',25,'-','0','SCURO MAGICO ANTI-BUONO ANTI-MAGO ANTI-PSIONICO ANTI-NECROMANTE ANTI-RANGER ANTI-STREGONE','La capacita\' di pugnalare di 5.\r\nModifica la fortuna di 1.\r\nModifica il tiro per colpire di 1.',100,'39','Acquistato dal Gabelliere',2,'2008-10-12 12:41:37',8,0,0,0,0,0,0,0,6),(96,'Un grosso martello di pietra',1,'3','810','81',18,'Da 2 a 8 (media 5)','-','ANTI-DONNA','Il tiro per colpire di 1.',100,'39','Acquistato dal Gabelliere',38,'2010-03-03 18:42:23',14,0,0,0,0,0,0,0,2),(97,'Il rasoio di Odos',1,'3','1173','0',19,'Da 2 a 8 (media 5)','-','MAGICO','Il tiro al danno di 1.\r\nModifica grado di minaccia di -2.',100,'44','Odos il Fabbro',2,'2009-09-19 15:59:01',23,0,0,0,0,0,0,0,1),(98,'Una lunga spada dall\'elsa d\'argento',1,'5','2405','247',30,'Da 2 a 12 (media 7)','-','MAGICO BENEDETTO ANTI-BUONO ANTI-NEUTRALE ANTI-MAGO ANTI-LADRO ANTI-CHIERICO ANTI-DRUIDO ANTI-PALADINO ANTI-RANGER ANTI-STREGONE RESISTENTE','Il tiro al danno di 1.\r\nModifica il tiro per colpire di 1.',100,'37','Ausaler',2,'2008-10-12 14:06:42',14,0,0,0,0,0,0,0,1),(99,'Un orecchino d\'ametista',4,'0','3123','312',31,'-','-','LUMINOSO MAGICO AVVELENATO ANTI-MAGO ANTI-DRUIDO ANTI-BARBARO ANTI-NECROMANTE ANTI-PALADINO ANTI-MONACO DONAZIONE','L\'intelligenza di 1.\r\nModifica la saggezza di 1.\r\nAumenta i danni dei tuoi incantesimi di ghiaccio di 4.',100,'37','Ausaler',2,'2008-10-12 14:09:45',16,0,0,0,0,0,0,0,6),(100,'Una pesante corazza di piastre montane',17,'90','2992','0',30,null,'9','RESISTENTE','Modifica l\'AC di 6.\r\nModifica la destrezza di 1.\r\nModifica i punti ferita di 6.\r\nModifica grado di minaccia di 3.',100,'44','Agrimahn',38,'2008-10-20 15:57:01',4,0,0,0,0,0,0,0,6),(101,'Un anello nero intarsiato',4,'0','2402','0',31,null,'0','SCURO RESISTENTE','Modifica il tiro per colpire di 1.\r\nModifica il carisma di 1.\r\nAumenta i danni dei tuoi incantesimi d\'energia di 1.\r\nModifica lo spell fail di -1.',100,'41','Raen',38,'2008-10-20 16:11:01',2,0,0,0,0,0,0,0,6),(102,'Una fascia di seta nera',15,'1','2925','0',30,'-','0','MAGICO ANTI-MAGO ANTI-CHIERICO ANTI-DRUIDO ANTI-VAMPIRO ANTI-BARBARO ANTI-PSIONICO ANTI-NECROMANTE ANTI-MONACO ANTI-STREGONE FRAGILE','Modifica la destrezza di 1.\r\nModifica l\'AC di 5.\r\nModifica la forza di 1.\r\nAumenta i danni dei tuoi incantesimi di ghiaccio di 3.',100,'37','Ausaler',2,'2008-10-22 22:58:41',12,0,0,0,0,0,0,0,6),(103,'Un piccolo scudo ovale',2,'54','2704','270',28,'-','20','ANTI-GUERRIERO ANTI-OSCURO ANTI-PALADINO CLASSE-UNIQUE','Il tiro al danno di 1.\r\nModifica il tiro per colpire di 1.\r\nModifica il peso di 1.',100,'2',null,38,'2008-10-22 16:11:50',10,0,0,0,0,0,0,0,6),(104,'Un paio di scarpe a punta',15,'1','1210','121',22,'-','-','Nessuno','L\'AC di 1.\r\nModifica il tiro per colpire di 2.',100,'2','Giullare',2,'2008-10-22 15:30:20',7,0,0,0,0,0,0,0,6),(105,'Un coltellaccio da macellaio',1,'4','1562','156',25,'Da 2 a 8 (media 5)','-','ANTI-MAGO ANTI-CHIERICO ANTI-VAMPIRO ANTI-PSIONICO ANTI-NECROMANTE ANTI-PALADINO ANTI-RANGER ANTI-MONACO ANTI-STREGONE','Maggiora il danno solo contro la razza demone\r\nIl tiro al danno di 2.\r\nModifica grado di minaccia di 2.',100,'2','Macellaio',58,'2010-12-23 21:29:25',14,0,0,0,0,0,0,0,1),(106,'Uno scudo di pietra lavica',16,'27','1562','0',25,'-','13','SCURO ANTI-BUONO ANTI-MAGO ANTI-CHIERICO ANTI-DRUIDO ANTI-PSIONICO ANTI-NECROMANTE ANTI-RANGER ANTI-STREGONE RESISTENTE','La capacita\' di parare di 3.\r\nModifica il tiro al danno di 1.\r\nModifica l\'AC di 5.\r\nModifica grado di minaccia di 2.',100,'67','Uomo lucertola',2,'2008-10-22 16:11:06',10,0,0,0,0,0,0,0,6),(107,'La veste dell\' Essenza Magica',15,'1','3981','398',35,'-','0','MAGICO','L\'AC di 3.\r\nModifica il regain del mana di 10.\r\nAumenta i danni dei tuoi incantesimi d\'energia di 4.\r\nModifica grado di minaccia di -2.',100,'16','Mago',2,'2008-10-22 16:11:44',4,0,0,0,0,0,0,0,6),(108,'Fenrir la spada magica',1,'13','3123','312.',31,'Da 2 a 12 (media 7)','-','MAGICO BENEDETTO RESISTENTE','Il tiro per colpire di 1.\r\nModifica il tiro al danno di 1.',100,'3','Per terra a nord di Medea',2,'2010-02-06 15:20:43',23,0,0,0,0,0,0,0,1),(109,'Una pesante collana di pietre semi preziose',4,'6','4400','440.',40,'-','-','MAGICO ANTI-CATTIVO RESISTENTE','Modifica la saggezza di 1.\r\nModifica il regain del mana di 11.\r\nAumenta la difficolta\' di resistere ai tuoi incantesimi di 1.\r\nModifica grado di minaccia di -2.',100,'3','Medea',2,'2010-02-25 11:51:13',3,0,0,0,0,0,0,0,6),(110,'Una protezione a scaglie',16,'4','1718','171',25,'-','4','ANTI-MAGO ANTI-LADRO ANTI-CHIERICO ANTI-DRUIDO ANTI-PSIONICO ANTI-STREGONE','L\'AC di 4.\r\nAumenta la tua riduzione dei danni di 1.',100,'2','Guerriero scheletrico',2,'2008-10-22 22:00:07',20,0,0,0,0,0,0,0,6),(111,'Un armatura a scaglie',2,'45','1875','187',25,'-','4','ANTI-MAGO ANTI-LADRO ANTI-DRUIDO ANTI-PSIONICO ANTI-NECROMANTE ANTI-MONACO ANTI-STREGONE','I punti ferita di 5.\r\nModifica la resistenza all\'acido di 2.',100,'2','Guerriero scheletrico',2,'2008-10-22 22:51:50',4,0,0,0,0,0,0,0,6),(112,'Un anello con smeraldo',15,'1','2369','236',27,'-','0','ANTI-LADRO ANTI-GUERRIERO ANTI-VAMPIRO ANTI-BARBARO ANTI-OSCURO ANTI-PALADINO ANTI-RANGER ANTI-MONACO FRAGILE','L\'intelligenza di 1.\r\nModifica il regain del mana di 8.',100,'2','Spettro di un cuoco',2,'2009-04-10 20:11:02',2,0,0,0,0,0,0,0,6),(113,'Un martello di ferro',1,'4','275','0',10,'Da 2 a 2 (media 2)','-','MAGICO RESISTENTE\r\nAggiunge al danno un bonus da fuoco, pari a 1d3','Modifica il tiro al danno di 1',100,'54','Maniscalco',2,'2008-10-29 13:53:38',23,0,0,0,0,0,0,0,2),(114,'Un paio di spessi guanti di cuoio e cotta di maglia',15,'3','1953','0',25,null,'0','ANTI-DRUIDO ANTI-PSIONICO ANTI-PALADINO ANTI-RANGER','Modifica lo spell fail di 2.\r\nModifica la forza di 1.\r\nModifica la destrezza di 1.\r\nModifica il mana di 5.\r\nModifica grado di minaccia di 1',100,'2','Macellaio',38,'2008-10-23 12:39:14',8,0,0,0,0,0,0,0,6),(115,'I guardiabraccia da sentinella',2,'9','588','0',14,'-','3','Nessuno','I punti ferita di 1.\r\nModifica il tiro per colpire di 1.\r\nModifica l\'AC di 2.',100,'44','Olcoth',2,'2008-10-23 12:49:46',9,0,0,0,0,0,0,0,6),(116,'Un anello rosso fuoco',4,'0','275','0',10,null,'0','FRAGILE','Modifica il tiro per colpire di 1.\r\nAumenta i danni dei tuoi incantesimi di fuoco di 1.',100,'61','Enorme Ogre',38,'2008-10-23 14:14:11',2,0,0,0,0,0,0,0,6),(117,'Una vertebra di viverna (verificare)',14,'0','275','0',10,'-','10','Nessuno.\r\nPS. come tipo dice oggetto comune','Modifica la forza di 1.\r\nModifica grado di minaccia di 1',100,'61','Viverna',2,'2008-10-26 16:31:58',13,0,0,0,0,0,0,0,6),(118,'La mazza di Behamuth',1,'7','5043','504',41,'Da 3 a 15 (media 9).','-','ANTI-BARBARO CLASSE-UNIQUE RESISTENTE','Il tiro per colpire di 1.\r\nModifica il tiro al danno di 1.\r\nModifica grado di minaccia di 3.',100,'58','Beamuth',2,'2010-03-24 20:10:06',14,0,0,0,0,0,0,0,2),(119,'Un anellino di metallo',4,'0','302','30',11,null,'0','LUMINOSO RESISTENTE','Modifica il tiro per colpire di 1',100,'52','Gnomo Ingegnere',38,'2008-10-23 16:29:14',2,0,0,0,0,0,0,0,6),(120,'Una maschera d\'avorio',16,'2','2700','0',30,'-','2','MAGICO ANTI-MAGO ANTI-CHIERICO ANTI-DRUIDO ANTI-VAMPIRO ANTI-BARBARO ANTI-PSIONICO ANTI-NECROMANTE ANTI-MONACO\r\nANTI-STREGONE FRAGILE','L\'AC di 8.\r\nModifica l\'intelligenza di 1.\r\nModifica grado di minaccia di 1.',100,'37','Ausaler',2,'2008-10-25 23:53:03',19,0,0,0,0,0,0,0,6),(121,'Una catena di ferro',1,'3','2402','240',31,'Da 4 a 8 (media 6)','-','TRASPORTABILE RESISTENTE','Il tiro al danno di 1.',100,'41','Acquistata dal venditore di armi',2,'2008-10-26 14:09:40',23,0,0,0,0,0,0,0,7),(122,'Un martello da guerra',1,'4','562','56',15,'Da 1 a 6 (media 3)','-','RESISTENTE','Il tiro al danno di 1.',100,'41','Acquistata dal venditore di armi',2,'2008-10-26 12:37:36',23,0,0,0,0,0,0,0,2),(123,'Uno scudo nero',2,'54','1690','169',26,'-','7','SCURO ANTI-MAGO ANTI-DRUIDO ANTI-VAMPIRO ANTI-PSIONICO ANTI-STREGONE RESISTENTE','La resistenza al fuoco di 2.\r\nModifica il tiro al danno di 1.',100,'26','Nydomors',2,'2008-10-26 14:02:13',10,0,0,0,0,0,0,0,6),(462,'Un\'ascia nanica 2',1,'5','2405','247',30,'Da 2 a 12 (media 7)','-','MAGICO ANTI-CHIERICO ANTI-DRUIDO ANTI-NECROMANTE ANTI-OSCURO ANTI-MONACO','La capacita\' di caricare di 2.\r\nModifica il tiro al danno di 1.\r\nModifica il tiro per colpire di 1.',100,'39','Acquistata dal gabelliere',2,'2010-02-16 00:34:17',14,0,0,0,0,0,0,0,1),(439,'Una spada dalla lama molto larga.',1,'4','90','9',6,'Da 1 a 6 (media 3)','-','MAGICO ANTI-BUONO ANTI-CATTIVO ANTI-LADRO ANTI-CHIERICO ANTI-DRUIDO',null,100,'27','Soldato insieme a Kedilor',2,'2010-01-23 16:35:42',14,0,0,0,0,0,0,0,1),(126,'Dei pantaloni di foglie secche',15,'0','1053','105',18,'-','0','MAGICO ANTI-BUONO ANTI-CATTIVO ANTI-MAGO ANTI-LADRO ANTI-GUERRIERO ANTI-CHIERICO ANTI-VAMPIRO ANTI-BARBARO\r\nANTI-NECROMANTE ANTI-OSCURO ANTI-PALADINO ANTI-MONACO ANTI-STREGONE FRAGILE','La destrezza di 1.\r\nModifica i punti ferita di 3.',100,'27','Afelis',2,'2008-10-26 15:40:07',6,0,0,0,0,0,0,0,6),(127,'Una spada bastarda',1,'3','393','39',11,'Da 2 a 6 (media 4)','-','MAGICO RESISTENTE','Modifica il tiro per colpire di 1.\r\nModifica grado di minaccia di 3.',100,'54','Cavaliere',2,'2008-10-29 13:54:18',23,0,0,0,0,0,0,0,1),(128,'Un lungo bastone di legno',1,'3','360','0',12,'Da 1 a 6 (media 3)','-','FRAGILE','Il tiro per colpire di 1.',100,'82','Pastore',38,'2008-10-28 14:57:50',14,0,0,0,0,0,0,0,2),(129,'Una spada',1,'4','360','36',12,'Da 2 a 6 (media 4)','-','Nessuno','Grado di minaccia di 2.',100,'83','Cacciatore elfico',38,'2008-10-28 15:23:47',14,0,0,0,0,0,0,0,1),(130,'Una cappa di pelle nera',15,'1','302','0',11,'-','1','ANTI-DRUIDO ANTI-VAMPIRO ANTI-BARBARO ANTI-PSIONICO','La capacita\' di nascondersi di 5.\r\nModifica la destrezza di 1.',100,'31','Acquistata da Lukes',2,'2008-10-29 16:51:57',22,0,0,0,0,0,0,0,6),(131,'Un anellino di ferro',4,'0','250','25',10,'-','-','LUMINOSO MAGICO RESISTENTE','Il tiro per colpire di 1.\r\nModifica il regain dei pf di 1.',100,'32','Enorme mastino nella cella accanto a Joral',2,'2009-04-04 18:34:50',2,0,0,0,0,0,0,0,6),(132,'Una corazza di metallo nero',16,'22','3747','374',31,'-','5','ANTI-LADRO CLASSE-UNIQUE RESISTENTE','Il regain dei pf di 3.\r\nModifica la destrezza di 1.\r\nModifica la capacita\' di pugnalare di 5.\r\nModifica l\'AC di 6.\r\nModifica i punti ferita di 1.',100,'31','Si compra da Lukes',38,'2008-10-29 19:41:58',4,0,0,0,0,0,0,0,6),(133,'Un anello di ceramica',4,'0','432','43',12,'-','-','ANTI-DRUIDO CLASSE-UNIQUE','Il regain del mana di 6.',100,'32','Anima',2,'2010-11-08 15:42:45',2,0,0,0,0,0,0,0,6),(134,'Una protezione di metallo nero',2,'9','562','0',15,'-','3','ANTI-MAGO ANTI-CHIERICO ANTI-DRUIDO ANTI-VAMPIRO ANTI-PSIONICO ANTI-NECROMANTE ANTI-MONACO ANTI-STREGONE RESISTENTE','La capacita\' di caricare di 2.\r\nModifica l\'AC di 4.\r\nModifica i punti movimento di 1.',100,'31','Si compra da Lukes',38,'2008-10-29 19:49:42',20,0,0,0,0,0,0,0,6),(135,'Una veste da apprendista mago',15,'1','562','56',15,'-','0','MAGICO ANTI-LADRO ANTI-GUERRIERO ANTI-CHIERICO ANTI-DRUIDO ANTI-VAMPIRO ANTI-BARBARO ANTI-PSIONICO ANTI-OSCURO ANTI-PALADINO ANTI-RANGER ANTI-MONACO','Il mana di 4.\r\nModifica grado di minaccia di -1.\r\nAumenta i danni dei tuoi incantesimi di fuoco di 1.',100,'31','Si compra da Lukes',38,'2008-10-29 19:45:55',4,0,0,0,0,0,0,0,6),(136,'Una giacca borchiata',2,'45','562','56',15,'-','4','ANTI-BUONO ANTI-MAGO ANTI-PSIONICO ANTI-NECROMANTE ANTI-STREGONE','I punti ferita di 1.\r\nModifica il regain dei pf di 2.\r\nModifica l\'AC di 3.',100,'31','Si compra da Lukes',38,'2008-10-29 19:47:45',4,0,0,0,0,0,0,0,6),(137,'Gli stivali del passo silenzioso',16,'2','1407','140',19,'-','1','ANTI-LADRO CLASSE-UNIQUE','Il tiro per colpire di 1.\r\nModifica i punti movimento di 19.',100,'44','Odos il Fabbro',2,'2009-09-19 15:58:50',7,0,0,0,0,0,0,0,6),(138,'Una tunica scintillante',15,'1','832','83',16,'-','0','Nessuno','La destrezza di 1.\r\nModifica il regain del mana di 5.',100,'44','Gnoll stregone',2,'2009-02-11 15:00:34',4,0,0,0,0,0,0,0,6),(139,'L\'anello del trasmutatore',15,'1','1407','140',19,'-','0','ANTI-MAGO CLASSE-UNIQUE.\r\nAumenta i danni dei tuoi incantesimi d\\\'energia di 6.',null,100,'44','Odos il Fabbro',2,'2009-09-19 15:59:19',2,0,0,0,0,0,0,0,6),(140,'Una cotta di ferro',2,'45','302','0',11,'-','4','MAGICO ANTI-CATTIVO ANTI-MAGO ANTI-GUERRIERO ANTI-DRUIDO ANTI-PALADINO RESISTENTE','Lo spell fail di 5.\r\nModifica la forza di 1.',100,'53','Per terra prima di viverna',38,'2009-02-11 16:10:06',4,0,0,0,0,0,0,0,6),(141,'Delle fasce d\'acciaio',17,'18','332','0',11,'-','2','Nessuno','Il tiro al danno di 1.\r\nModifica l\'AC di 1.',100,'53','Dietro la viverna',53,'2010-12-31 03:30:01',9,0,0,0,0,0,0,0,6),(142,'Un anello di platino',4,'1','423','42',11,'-','-','INVISIBILE MAGICO RESISTENTE','Il regain del mana di 2.\r\nAumenta gli effetti dei tuoi incantesimi di cura di 1.',100,'25','Sarcofago dal vescovo',2,'2009-02-12 12:52:24',2,0,0,0,0,0,0,0,6),(143,'Un paio di sandali di cuoio',15,'2','787','78',15,'-','0','MAGICO ANTI-NEUTRALE ANTI-GUERRIERO','Il regain del movimenti di 5.',100,'25','Sarcofago dal vescovo',2,'2009-02-20 11:48:01',7,0,0,0,0,0,0,0,6),(144,'Un paio di guanti rinforzati',16,'2','250','0',10,'-','2','Nessuno','L\'AC di 2.\r\nModifica la forza di 1.',100,'44','Gnoll',2,'2009-02-12 12:54:50',8,0,0,0,0,0,0,0,6),(145,'Uno spadone a due mani',1,'6','1000','100',20,'Da 2 a 8 (media 5)','-','ANTI-MAGO ANTI-LADRO ANTI-CHIERICO ANTI-DRUIDO RESISTENTE','Il tiro per colpire di 1.',100,'41','Acquistato dall\'armaiolo',2,'2009-02-12 13:13:17',23,0,0,0,0,0,0,0,1),(146,'Una corazza a bande orrizzontali',17,'90','360','36',12,'-','5','ANTI-MAGO RESISTENTE','L\'AC di 2.\r\nModifica grado di minaccia di 1.',100,'41','Acquistato dal mercante di armature',2,'2009-02-12 13:15:43',4,0,0,0,0,0,0,0,6),(147,'Il saio dei certosini',15,'1','1000','100',20,'-','0','SCURO ANTI-LADRO ANTI-GUERRIERO ANTI-VAMPIRO ANTI-BARBARO ANTI-OSCURO ANTI-PALADINO ANTI-RANGER ANTI-MONACO','Il mana di 3.\r\nAumenta i danni dei tuoi incantesimi di ghiaccio di 2.\r\nModifica l\'AC di 4.',100,'67','Sentinella uomo-lucertola',2,'2009-02-18 19:46:07',4,0,0,0,0,0,0,0,6),(148,'Uno scudo cornuto',16,'27','275','27',10,'-','8','MAGICO ANTI-MAGO ANTI-DRUIDO ANTI-OSCURO ANTI-PALADINO ANTI-MONACO ANTI-STREGONE','Il tiro al danno di 1.\r\nModifica l\'AC di 2.',100,'45','Nani Sentinella',38,'2009-02-19 15:55:01',10,0,0,0,0,0,0,0,6),(149,'Un paio di sandali di cuoio chiusi',15,'1','363','36',11,'-','0','ANTI-MONACO CLASSE-UNIQUE','L\'AC di 1.\r\nModifica il tiro per colpire di 1.',100,'43','Monaco',38,'2009-02-19 15:54:35',7,0,0,0,0,0,0,0,6),(150,'Una cintura fatta di corda annodata',15,'1','363','36',11,'-','0','ANTI-MONACO CLASSE-UNIQUE','L\'AC di 1.\r\nModifica la forza di 1.',100,'43','Monaco',38,'2009-02-19 16:25:22',12,0,0,0,0,0,0,0,6),(151,'I pantaloni di un kimono 1',15,'1','1100','110',20,'-','0','ANTI-BUONO FRAGILE','La destrezza di 1.\r\nModifica l\'AC di 2.\r\nAumenta la difficolta\' di resistere ai tuoi incantesimi di 1.',100,'43','Monaco che si allena',38,'2009-02-19 17:19:31',6,0,0,0,0,0,0,0,6),(152,'I pantaloni di un kimono 2',15,'1','1100','110',20,'-','0','ANTI-CATTIVO FRAGILE','La forza di 1.\r\nAumenta la difficolta\' di resistere ai tuoi incantesimi di 1.\r\nModifica l\'AC di 4.',100,'43','Monaco che si allena',38,'2009-02-19 17:19:11',6,0,0,0,0,0,0,0,6),(153,'Una katana di bambu\'',1,'3','1100','110',20,'Da 2 a 8 (media 5)','-','ANTI-BUONO ANTI-CATTIVO ANTI-MAGO ANTI-LADRO ANTI-CHIERICO ANTI-DRUIDO ANTI-VAMPIRO ANTI-BARBARO ANTI-NECROMANTE ANTI-OSCURO ANTI-PALADINO ANTI-RANGER ANTI-MONACO ANTI-STREGONE','Il tiro per colpire di 1.\r\nModifica grado di minaccia di 3.',100,'43','Monaco guerriero',38,'2009-04-24 14:30:51',23,0,0,0,0,0,0,0,1),(154,'Un\'armatura di piastre e giunchi',16,'24','1378','137',21,'-','3','ANTI-MAGO ANTI-LADRO ANTI-CHIERICO ANTI-DRUIDO ANTI-VAMPIRO ANTI-BARBARO ANTI-NECROMANTE ANTI-OSCURO ANTI-PALADINO ANTI-RANGER ANTI-STREGONE','La capacita\' di calciare di 1.\r\nModifica la capacita\' di pugnalare di -10.\r\nModifica la forza di 1.\r\nModifica l\'AC di 4.\r\nModifica grado di minaccia di 3.',100,'43','Monaco guerriero',38,'2009-02-19 17:15:08',4,0,0,0,0,0,0,0,6),(155,'Un berretto di pezza',15,'1','62','0',5,'-','0','ANTI-CHIERICO ANTI-DRUIDO ANTI-VAMPIRO ANTI-NECROMANTE','Il regain del mana di 2.',100,'67','Abitante',2,'2009-02-19 17:39:26',5,0,0,0,0,0,0,0,6),(156,'Un paio di gambali di pietra lavica',16,'9','1322','0',23,'-','3','ANTI-NEUTRALE ANTI-MAGO ANTI-PSIONICO ANTI-NECROMANTE ANTI-PALADINO ANTI-MONACO ANTI-STREGONE','Il regain dei pf di 6.\r\nModifica l\'AC di 1.',100,'67','Sentinella uomo-lucertola',2,'2009-02-19 17:38:41',6,0,0,0,0,0,0,0,6),(157,'Un paio di scarpe ludice',15,'1','62','0',5,'-','0','ANTI-MAGO ANTI-VAMPIRO ANTI-NECROMANTE ANTI-STREGONE.\r\nAumenta gli effetti dei tuoi incantesimi di cura di 1.',null,100,'67','Abitante',2,'2010-11-05 00:46:00',7,0,0,0,0,0,0,0,6),(158,'Una lancia di pietra lavica',1,'1','1102','0',21,'Da 3 a 6 (media 4)','-','ANTI-NEUTRALE ANTI-MAGO ANTI-DRUIDO ANTI-BARBARO ANTI-NECROMANTE ANTI-PALADINO ANTI-MONACO ANTI-STREGONE','Il tiro per colpire di 1.\r\nModifica l\'eta\' di -1.',100,'67','Sentinella uomo-lucertola',2,'2009-02-19 17:41:33',14,0,0,0,0,0,0,0,3),(159,'Un paio di pantaloni bianchi di seta di un kimono',15,'1','1323','132',21,'-','0','ANTI-BUONO ANTI-CATTIVO ANTI-MONACO CLASSE-UNIQUE FRAGILE','La destrezza di 1.\r\nModifica l\'AC di 3.\r\nModifica la resistenza al blocco di 1.\r\nModifica lo spell fail di -2.',100,'43','Monaco Anziano',38,'2009-02-19 19:38:30',6,0,0,0,0,0,0,0,6),(160,'Un singolo guardiabraccia di argento sul braccio destro',2,'9','1100','110',20,'-','5','RESISTENTE','Il tiro al danno di 1.\r\nAumenta la difficolta\' di resistere alle tue abilita\' di 1.',100,'85','Landorin',2,'2009-02-19 20:39:16',9,0,0,0,0,0,0,0,6),(161,'La pelle di un hamatula',2,'45','1407','140',19,'-','3','BENEDETTO ANTI-BARBARO CLASSE-UNIQUE','La destrezza di 1.\r\nModifica la forza di 1.',100,'44','Odos il Fabbro',2,'2009-09-19 15:59:48',4,0,0,0,0,0,0,0,6),(162,'La verga del richiamo terrestre',1,'3','1407','140',19,'Da 2 a 8 (media 5)','-','BENEDETTO ANTI-DRUIDO CLASSE-UNIQUE','La saggezza di 1.',100,'44','Odos',47,'2009-02-22 17:26:22',14,0,0,0,0,0,0,0,2),(163,'Una tunica piena di tasche',15,'1','134','13',7,'-','0','MAGICO ANTI-CATTIVO','L\'AC di 1.\r\nModifica la costituzione di 1.',100,'52','Progettista',47,'2009-02-23 19:51:49',4,0,0,0,0,0,0,0,6),(164,'Un paio di strani occhiali gnomici',4,'1','217','21',8,'-','-','MAGICO ANTI-CATTIVO RESISTENTE','Lo spell fail di -7.',100,'52','Alchimista',38,'2009-03-02 16:20:31',19,0,0,0,0,0,0,0,6),(165,'Un paio di scarpe di camoscio',15,'1','\' C62','6',5,'-','0','ANTI-CATTIVO ANTI-GUERRIERO FRAGILE','Il regain del movimenti di 1.\r\nModifica la capacita\' di nascondersi di 2.\r\nModifica l\'AC di 1.',100,'52','Gnomo Musico',38,'2009-02-24 11:56:39',7,0,0,0,0,0,0,0,6),(166,'Un orecchino d\'avorio',4,'0','810','81',18,'-','-','MAGICO ANTI-CATTIVO ANTI-NEUTRALE ANTI-GUERRIERO ANTI-DRUIDO ANTI-OSCURO ANTI-RANGER','Il regain del mana di 2.\r\nModifica il mana di 2.\r\nModifica grado di minaccia di -2.',100,'15','Spettro Abitante',38,'2009-02-24 12:36:55',16,0,0,0,0,0,0,0,6),(167,'Un mantello grigio',15,'1','1323','132',21,'-','0','ANTI-DRUIDO CLASSE-UNIQUE','La capacita\' di nascondersi di 2.\r\nModifica la destrezza di 1.\r\nModifica il regain del mana di 2.',100,'27','Afelis',38,'2009-02-24 15:23:05',22,0,0,0,0,0,0,0,6),(168,'Un massiccio bastone di quercia',1,'1','1210','0',22,'Da 3 a 9 (media 6)','-','ANTI-BUONO ANTI-CATTIVO ANTI-MAGO ANTI-LADRO ANTI-GUERRIERO ANTI-CHIERICO ANTI-VAMPIRO ANTI-BARBARO ANTI-NECROMANTE\r\nANTI-OSCURO ANTI-PALADINO ANTI-RANGER ANTI-MONACO ANTI-STREGONE',null,100,'27','Afelis',2,'2009-02-24 19:11:31',14,0,0,0,0,0,0,0,2),(169,'Un copricapo di stoffa e metallo',4,'2','432','43',12,'-','-','MAGICO ANTI-BUONO ANTI-NEUTRALE ANTI-CHIERICO CLASSE-UNIQUE','La saggezza di 1.\r\nModifica il mana di 2.',100,'14','Sciamano',2,'2009-02-24 19:36:21',5,0,0,0,0,0,0,0,6),(170,'Una tunica verde scuro',15,'2','432','43',12,'-','0','MAGICO ANTI-BUONO ANTI-NEUTRALE ANTI-CHIERICO CLASSE-UNIQUE','L\'AC di 3.',100,'14','Sciamano',2,'2009-02-24 19:37:21',4,0,0,0,0,0,0,0,6),(171,'Una polsiera di cuoio',16,'4','222','22',9,'-','1','ANTI-BUONO ANTI-NEUTRALE FRAGILE','Il tiro al danno di 1.',100,'14','Guardia reale',2,'2009-02-24 19:40:13',13,0,0,0,0,0,0,0,6),(172,'La corazza elfica del gorilla',17,'90','3060','306',30,'-','9','Nessuno','La forza di 1.\r\nModifica la costituzione di 1.\r\nModifica l\'AC di 3.',100,'44','Antimys',2,'2009-02-26 12:11:50',4,0,0,0,0,0,0,0,6),(173,'La corazza elfica della tigre',17,'90','3060','306',30,'-','9','Nessuno','La forza di 1.\r\nModifica la destrezza di 1.\r\nModifica l\'AC di 3.',100,'44','Antimys',2,'2009-02-26 12:12:29',4,0,0,0,0,0,0,0,6),(174,'Una cintura elfica in mithril',16,'2','3060','306',30,'-','4','Nessuno','La forza di 1.\r\nModifica la destrezza di 1.\r\nModifica l\'AC di 6.',100,'44','Antimys',2,'2009-02-26 12:12:57',12,0,0,0,0,0,0,0,6),(175,'Una corta scimitarra d\'acciaio',1,'4','2700','270',30,'Da 2 a 10 (media 6)','-','Nessuno','Il tiro al danno di 2.',100,'44','Antimys',2,'2009-02-26 12:13:18',14,0,0,0,0,0,0,0,1),(176,'Un cinturone di cuoio',15,'1','1102','110',21,'-','0','MAGICO BENEDETTO ANTI-CATTIVO','L\'AC di 5.',100,'41','Conciatore si compra',38,'2009-02-26 12:40:55',12,0,0,0,0,0,0,0,6),(178,'Una polsiera in bronzo',4,'3','202','0',9,'-','-','Nessuno','Il tiro al danno di 1.\r\nModifica grado di minaccia di 2.',100,'36','Nezogral',38,'2009-03-02 15:58:48',13,0,0,0,0,0,0,0,6),(179,'Un paio di pantaloni di cuoio intrecciato',16,'9','202','0',9,'-','1','Nessuno','I punti ferita di 2.',100,'36','Nezogral',38,'2009-03-02 15:59:20',6,0,0,0,0,0,0,0,6),(180,'Un paio di pesanti stivali di cuoio',2,'5','222','0',9,'-','2','ANTI-BUONO','I punti movimento di -5.\r\nModifica il tiro al danno di 1.\r\nModifica grado di minaccia di 3.\r\nModifica l\'AC di 1.',100,'36','Nezogral',38,'2009-03-02 15:59:53',7,0,0,0,0,0,0,0,6),(181,'Una scimitarra d\'argento',1,'3','202','0',9,'Da 2 a 4 (media 3)','-','Nessuno','Il tiro al danno di 1.',100,'36','Nezogral',38,'2009-03-02 16:00:24',14,0,0,0,0,0,0,0,1),(182,'Un guardiabraccia di cuoio',16,'4','40','0',4,'-','1','MAGICO','Grado di minaccia di -1.',100,'36','Troll Sentinella',2,'2009-03-04 12:51:07',9,0,0,0,0,0,0,0,6),(183,'Un\' ascia bipenne',1,'4','399','0',11,'Da 2 a 6 (media 4)','-','ANTI-BARBARO CLASSE-UNIQUE','Il tiro al danno di 1.\r\nModifica grado di minaccia di 3.',100,'36','Grumblax',38,'2009-03-02 18:12:20',23,0,0,0,0,0,0,0,1),(184,'Un perizoma di pelliccia',16,'22','363','0',11,'-','2','ANTI-BARBARO CLASSE-UNIQUE FRAGILE ANTI-DONNA','La destrezza di 1.\r\nModifica i punti ferita di 1.',100,'36','Grumblax',38,'2009-03-02 16:02:06',4,0,0,0,0,0,0,0,6),(185,'Una pelle d\'orso',16,'5','363','0',11,'-','2','ANTI-BARBARO CLASSE-UNIQUE\r\nTi rende resistente al freddo','L\'AC di 2.\r\nModifica i tiri salvezza su Tempra di 1.',100,'36','Grumblax',38,'2009-03-12 08:35:47',22,0,0,0,0,0,0,0,6),(186,'Una collana di ossa umane',4,'1','363','0',11,'-','-','ANTI-BARBARO CLASSE-UNIQUE FRAGILE','Grado di minaccia di 3.\r\nModifica la fortuna di 1.',100,'36','Grumblax',38,'2009-03-02 16:03:10',3,0,0,0,0,0,0,0,6),(187,'Un mantello sgargiante',15,'1','40','4',4,'-','0','MAGICO ANTI-LADRO ANTI-DRUIDO ANTI-VAMPIRO ANTI-OSCURO ANTI-PALADINO ANTI-MONACO','Grado di minaccia di -2.',100,'36','Krixis',2,'2009-03-04 12:51:51',22,0,0,0,0,0,0,0,6),(188,'Un bastone da passeggio',1,'4','40','4',4,'Da 1 a 3 (media 2)','-','MAGICO','Grado di minaccia di -1.',100,'36','Krixis',2,'2009-03-04 12:52:11',14,0,0,0,0,0,0,0,2),(189,'Un piccolo anellino fiammeggiante',4,'1','90','9',6,'-','-','LUMINOSO NON-POSABILE NON-RIMUOVIBILE FRAGILE.\r\nAumenta i danni dei tuoi incantesimi di fuoco di 1.','Il mana di 3.',100,'7','A terra dal sacerdote',2,'2009-04-19 18:02:58',2,0,0,0,0,0,0,0,6),(190,'Una pesante scimitarra orchesca',1,'4','99','9',6,'Da 1 a 5 (media 3)','-','MAGICO','Grado di minaccia di 3.',100,'61','Grosso Anfibio',38,'2009-03-04 14:36:05',14,0,0,0,0,0,0,0,1),(191,'Una protezione di cotta di maglia leggera',16,'4','722','0',17,'-','3','ANTI-MAGO ANTI-PSIONICO ANTI-NECROMANTE ANTI-STREGONE','Lo spell fail di 2.\r\nModifica il regain del movimenti di 2.\r\nModifica l\'AC di 3.\r\nModifica grado di minaccia di 1.',100,'30','Si prende dentro lo scheletro dal ragnone',38,'2009-03-05 13:25:22',20,0,0,0,0,0,0,0,6),(192,'Un paio di orecchini di cristallo',4,'0','2125','0',25,null,'0','LUMINOSO MAGICO FRAGILE','L\'intelligenza di 1.\r\nModifica lo spell fail di -1.',100,'32','Scheletro Guerriero',2,'2009-04-19 18:04:27',16,0,0,0,0,0,0,0,6),(193,'Una spada nera insaguinata',1,'4','562','56',15,'Da 1 a 8 (media 4)','-','NON-POSABILE ANTI-BUONO RESISTENTE','Lo spell fail di -4.',100,'25','Armatura nera',38,'2009-03-07 09:28:18',14,0,0,0,0,0,0,0,1),(194,'Una veste clericale',15,'2','675','67',15,'-','0','ANTI-BUONO ANTI-CHIERICO CLASSE-UNIQUE','Lo spell fail di -5.\r\nModifica i punti ferita di 2.',100,'25','Spettro di un chierico',38,'2009-03-07 09:29:44',4,0,0,0,0,0,0,0,6),(195,'La spada nera',1,'5','200','0',8,'Da 2 a 6 (media 4)','-','MAGICO','Il tiro al danno di 1.',100,'7','Dietro l\'altare',2,'2009-03-10 11:34:21',14,0,0,0,0,0,0,0,1),(196,'Un\'appuntito gancio di ferro',1,'2','411','41',11,'Da 2 a 4 (media 3)','-','RONZANTE ANTI-BARBARO','Il tiro al danno di 1.\r\nModifica grado di minaccia di 1.',100,'24','Aseig',38,'2009-03-10 14:15:49',15,0,0,0,0,0,0,0,6),(197,'Un affilato pugnalino',1,'1','1562','156',25,'Da 2 a 8 (media 5)','-','Nessuno','Il tiro al danno di 1.\r\nModifica grado di minaccia di 3.',100,'24','Aseig',38,'2009-03-10 14:13:31',14,0,0,0,0,0,0,0,3),(198,'Silver la lama d\'argento',1,'1','1507','158',21,'Da 3 a 6 (media 4)','-','MAGICO NON-POSABILE ANTI-LADRO CLASSE-UNIQUE','Il tiro al danno di 1.\r\nModifica la capacita\' di pugnalare di 1.',100,'51','Kurdher',47,'2009-03-10 20:57:34',14,0,0,0,0,0,0,0,3),(199,'Lo scudo argenteo dell\'aasimar',17,'108','2437','243',25,'-','19','LUMINOSO MAGICO BENEDETTO ANTI-CATTIVO ANTI-PALADINO CLASSE-UNIQUE RESISTENTE','Il tiro al danno di 2.\r\nModifica grado di minaccia di 3.\r\nModifica l\'AC di 2.',100,'44','Arpie',2,'2009-03-11 16:53:20',10,0,0,0,0,0,0,0,6),(200,'La cappa della robustezza',15,'1','2031','203',25,'-','0','MAGICO BENEDETTO RESISTENTE','I tiri salvezza su Tempra di 4.\r\nModifica l\'AC di 2.',100,'44','Arpie',2,'2009-03-11 16:54:27',22,0,0,0,0,0,0,0,6),(201,'Gli stivali della forza intangibile',16,'2','2437','243',25,'-','4','MAGICO ANTI-RANGER CLASSE-UNIQUE','La resistenza al non magico di 2.\r\nModifica l\'AC di 2.\r\nModifica il tiro per colpire di 1.',100,'44','Maestro Drow',2,'2009-06-30 14:04:19',7,0,0,0,0,0,0,0,6),(202,'Delle spalline con rune di giada',16,'4','2437','243',25,'-','2','MAGICO ANTI-DRUIDO CLASSE-UNIQUE','La resistenza al fuoco di 3.\r\nModifica lo spell fail di -4.',100,'44','Arpie',2,'2009-03-11 17:57:13',9,0,0,0,0,0,0,0,6),(282,'Un bastone attraversato da scariche elettriche',1,'5','3675','367',35,'Da 2 a 8 (media 5)','-','MAGICO ANTI-LADRO ANTI-GUERRIERO ANTI-BARBARO ANTI-PSIONICO ANTI-OSCURO ANTI-PALADINO ANTI-RANGER ANTI-MONACO\r\nAggiunge al danno un bonus da elettricita\\\', pari a 1d4.','Lo spell fail di -2.\r\nModifica il tiro per colpire di 1.\r\nModifica l\'intelligenza di 1.',100,'67','Sciamano',2,'2009-04-05 00:04:11',14,0,0,0,0,0,0,0,2),(204,'Una veste di velluto nero',15,'1','939','0',17,'-','0','MAGICO ANTI-BUONO ANTI-NEUTRALE ANTI-LADRO ANTI-GUERRIERO ANTI-BARBARO ANTI-PSIONICO ANTI-PALADINO ANTI-RANGER ANTI-MONACO ANTI-STREGONE FRAGILE','Lo spell fail di -1.\r\nModifica l\'intelligenza di 1.\r\nModifica il mana di 3.',100,'30','Ragnone',2,'2009-03-13 22:50:29',4,0,0,0,0,0,0,0,6),(205,'Un pugnale insanguinato',1,'1','2560','256',32,'Da 2 a 10 (media 6)','-','Nessuno','Il tiro al danno di 1.\r\nModifica grado di minaccia di 3.',100,'32','Nardal il predone',2,'2010-02-06 20:24:29',14,0,0,0,0,0,0,0,3),(206,'Un bracciale d\'oro',15,'1','310','203',25,'-','0','MAGICO BENEDETTO ANTI-CATTIVO ANTI-MAGO ANTI-LADRO ANTI-GUERRIERO ANTI-VAMPIRO ANTI-BARBARO ANTI-NECROMANTE ANTI-OSCURO ANTI-MONACO ANTI-STREGONE RESISTENTE','La forza di 1.\r\nModifica lo spell fail di -2.\r\nModifica il regain del mana di 5.\r\nModifica grado di minaccia di -1.\r\nAumenta i danni dei tuoi incantesimi di fuoco di 3.',100,'30','Termite bianca',2,'2010-02-14 16:08:57',13,0,0,0,0,0,0,0,6),(207,'Un\'anello d\'acciaio',4,'0','493','49',11,'-','-','ANTI-BARBARO CLASSE-UNIQUE','Il tiro per colpire di 1.\r\nModifica la resistenza al fuoco di 1.\r\nModifica grado di minaccia di 2.',100,'24','Magdor',2,'2009-03-14 16:49:27',2,0,0,0,0,0,0,0,6),(208,'Un grosso osso lucido',1,'4','1455','145',21,'Da 2 a 8 (media 5)','-','ANTI-BARBARO CLASSE-UNIQUE','Il tiro al danno di 1.\r\nModifica grado di minaccia di 3.',100,'48','Grosso Troll',2,'2009-03-14 18:42:29',14,0,0,0,0,0,0,0,2),(209,'Un bracciale di corallo',4,'0','160','16',8,'-','-','ANTI-BUONO FRAGILE','Lo stato mentale di 10.\r\nModifica il regain del mana di 1.\r\nModifica lo spell fail di -1.',100,'41','Comprato dal gioielliere',2,'2009-03-14 19:33:13',13,0,0,0,0,0,0,0,6),(210,'Una collana d\'oro rosso',4,'1','60','16',8,'-','-','MALVAGIO RESISTENTE','Il regain del mana di 1.\r\nModifica lo spell fail di -1.',100,'41','Comprato dal gioielliere',2,'2009-03-14 19:34:54',3,0,0,0,0,0,0,0,6),(211,'Una pozione di vetro',6,'1','22','2',3,'-','-','MAGICO','Puo\' effettuare a livello 8 le seguenti magie: \r\n - \'invisibilita di gruppo\'',100,'41','Comprato dall\'alchimista',2,'2009-03-14 19:38:00',21,0,0,0,0,0,0,0,6),(212,'Una pozione azzurra',6,'1','22','2',3,'-','-','MAGICO','Puo\' effettuare a livello 7 le seguenti magie: \r\n - \'branchie\'',100,'41','Comprato dall\'alchimista',2,'2009-03-14 19:38:56',21,0,0,0,0,0,0,0,6),(213,'Una pozione argentata',6,'1','22','2',3,'-','-','MAGICO','Puo\' effettuare a livello 39 le seguenti magie: \r\n - \'vedi invisibile\'',100,'41','Comprato dall\'alchimista',2,'2009-03-14 19:40:23',21,0,0,0,0,0,0,0,6),(214,'Una pozione grigia',6,'1','62','6',5,'-','-','MAGICO','Puo\' effettuare a livello 38 le seguenti magie: \r\n - \'agilita felina\'',100,'41','Comprato dall\'alchimista',2,'2009-03-14 19:41:30',21,0,0,0,0,0,0,0,6),(215,'Una pozione nera',6,'1','302','30',11,'-','-','MAGICO TRASPORTABILE','Puo\' effettuare a livello 39 le seguenti magie: \r\n - \'tenebre\'',102,'41','Comprato dall\'alchimista',2,'2009-03-14 19:42:48',21,0,0,0,0,0,0,0,6),(216,'Un mantello di renna',2,'9','902','90',19,'-','5','FRAGILE','L\'AC di 1.\r\nModifica il regain dei pf di 2.',100,'20','Si compra dal conciatore',38,'2009-03-17 09:11:28',22,0,0,0,0,0,0,0,6),(217,'Degli stivali di mordida pelle',15,'3','902','90',19,'-','0','FRAGILE','L\'AC di 3.\r\nAumenta la difficolta\' di resistere ai tuoi incantesimi di 1.',100,'20','Si compra dal conciatore',38,'2009-03-17 09:13:01',7,0,0,0,0,0,0,0,6),(218,'Una giacca di pelle di volpe',15,'1','1102','110',21,'-','0','FRAGILE','La forza di 1.\r\nModifica l\'AC di 1.\r\nModifica la resistenza al magico di 1.',100,'20','Si compra dal conciatore',38,'2009-03-17 09:15:06',4,0,0,0,0,0,0,0,6),(219,'Un fodero di pelle di lupo',15,'1','1322','132',23,'-','0','FRAGILE','Il regain del mana di 2.\r\nModifica il mana di 2.\r\nModifica l\'AC di 2.',100,'20','Si compra dal conciatore',38,'2009-03-17 09:19:41',20,0,0,0,0,0,0,0,6),(220,'Cintura di cuoio',15,'4','1440','144',24,'-','0','FRAGILE','L\'AC di 4.\r\nModifica la destrezza di 1.\r\nModifica il regain del mana di 3.',100,'20','Si compra dal conciatore',38,'2009-03-17 09:20:53',12,0,0,0,0,0,0,0,6),(221,'Uno zaffiro blu',4,'1','1323','132',21,'-','-','ANTI-MAGO CLASSE-UNIQUE FRAGILE','L\'intelligenza di 1.\r\nModifica il regain del mana di 2.\r\nAumenta i danni dei tuoi incantesimi d\'energia di 2.',100,'20','Si compra dal tagliatore',38,'2009-03-17 10:43:34',15,0,0,0,0,0,0,0,6),(222,'Uno smeraldo verde scuro',4,'1','1323','132',21,'-','-','ANTI-RANGER CLASSE-UNIQUE FRAGILE','L\'intelligenza di 1.\r\nModifica il regain del mana di 2.\r\nModifica lo spell fail di -5.',100,'20','Si compra dal tagliatore',38,'2009-03-17 10:36:42',15,0,0,0,0,0,0,0,6),(223,'Una tormalina gialla',4,'1','1323','132',21,'-','-','MAGICO ANTI-LADRO CLASSE-UNIQUE FRAGILE','La fortuna di 1.\r\nModifica grado di minaccia di -2.',100,'20','Si compra dal tagliatore',38,'2009-03-17 10:45:02',15,0,0,0,0,0,0,0,6),(224,'Un\'onice',4,'1','1323','132',21,'-','-','MAGICO ANTI-STREGONE CLASSE-UNIQUE FRAGILE','L\'intelligenza di 1.\r\nModifica grado di minaccia di -2.\r\nAumenta i danni dei tuoi incantesimi d\'energia di 2.',100,'20','Si compra dal tagliatore',38,'2009-03-17 11:05:02',15,0,0,0,0,0,0,0,6),(225,'Un\'ascia bipenne nanica',1,'9','1587','158',23,'Da 2 a 8 (media 5)','-','TRASPORTABILE ANTI-BARBARO CLASSE-UNIQUE','Il tiro al danno di 1.\r\nModifica grado di minaccia di 3.',102,'20','Si compra dall\'armaiolo',38,'2009-03-17 11:35:55',14,0,0,0,0,0,0,0,1),(226,'Una morningstar',1,'6','1102','110',21,'Da 2 a 8 (media 5)','-','ANTI-NEUTRALE','Lo spell fail di 10.\r\nModifica il tiro al danno di 1.',100,'20','Si compra dall\'armaiolo',38,'2009-03-17 11:37:17',14,0,0,0,0,0,0,0,2),(227,'Spada a doppio filo',1,'4','1102','110',21,'Da 2 a 8 (media 5)','-','Nessuno','Lo spell fail di 15.\r\nModifica il tiro al danno di 1.',100,'20','Si compra dall\'armaiolo',38,'2009-03-17 11:43:45',14,0,0,0,0,0,0,0,1),(228,'Un pugnale di bronzo',1,'2','722','72',17,'Da 3 a 12 (media 7)','-','ANTI-MAGO ANTI-GUERRIERO ANTI-CHIERICO ANTI-DRUIDO ANTI-VAMPIRO ANTI-BARBARO ANTI-NECROMANTE ANTI-OSCURO ANTI-PALADINO ANTI-RANGER ANTI-MONACO ANTI-STREGONE',null,100,'20','Si compra dall\'armaiolo',38,'2009-03-17 11:59:12',14,0,0,0,0,0,0,0,3),(229,'Un turchese',4,'1','1323','132',21,'-','-','TRASPORTABILE ANTI-PALADINO CLASSE-UNIQUE FRAGILE','Grado di minaccia di 3.\r\nModifica bonus agli incantesimi sacri di 5.',102,'20','Si compra dal tagliatore',38,'2009-03-17 12:00:35',15,0,0,0,0,0,0,0,6),(230,'Un\'acquamrina',4,'1','1323','132',21,'-','-','ANTI-DRUIDO CLASSE-UNIQUE FRAGILE','Il regain del mana di 2.\r\nModifica la saggezza di 1.\r\nAumenta gli effetti dei tuoi incantesimi di cura di 1.',100,'20','Si compra dal tagliatore',38,'2009-03-17 12:01:38',15,0,0,0,0,0,0,0,6),(231,'Un\'amestista perfetta',4,'1','1323','132',21,'-','-','ANTI-OSCURO CLASSE-UNIQUE FRAGILE\r\nAumenta gli effetti dei tuoi incantesimi di cura di 5.',null,100,'20','Si compra dal tagliatore',38,'2009-03-17 12:03:03',15,0,0,0,0,0,0,0,6),(232,'Un grosso rubino',4,'1','1323','132',21,'-','-','ANTI-VAMPIRO CLASSE-UNIQUE FRAGILE','I punti sangue di 5.\r\nModifica l\'intelligenza di 1.\r\nModifica grado di minaccia di 1.\r\nAumenta i danni dei tuoi incantesimi di risucchio di 4.',100,'20','Si compra dal tagliatore',38,'2009-03-17 12:04:09',15,0,0,0,0,0,0,0,6),(233,'Un\'ascia da battaglia',1,'4','1562','156',25,'Da 1 a 9 (media 5)','-','Nessuno','Lo spell fail di 15.\r\nModifica il tiro al danno di 1.',100,'20','Si compra dall\'armaiolo',38,'2009-03-17 12:10:16',14,0,0,0,0,0,0,0,1),(234,'Una ampolla di vetro trasparente',6,'1','302','30',11,'-','-','FRAGILE','Puo\' effettuare a livello 36 le seguenti magie: \r\n - \'invis\'',102,'15','Spettro mago',38,'2009-03-17 12:45:10',21,0,0,0,0,0,0,0,6),(235,'Una boccetta bianca',6,'0','490','49',14,'-','-','FRAGILE','Puo\' effettuare a livello 26 le seguenti magie: \r\n - \'cura critiche\'',100,'15','Spettro mago',38,'2009-03-17 12:46:28',21,0,0,0,0,0,0,0,6),(236,'Un pomo d\'oro',5,'2','1102','110',21,'-','-','MAGICO ANTI-VAMPIRO ANTI-BARBARO RESISTENTE.\r\nHa 43(5) cariche di livello 31 delle seguenti magie:. - (attualmente non casta nulla)','La saggezza di 1.',100,'3','Arpia',2,'2009-03-17 13:54:23',15,0,0,0,0,0,0,0,6),(237,'Una giacca di seta bianca di un kimono',15,'1','1587','158',21,'-','0','ANTI-BUONO ANTI-CATTIVO ANTI-MONACO CLASSE-UNIQUE FRAGILE','La forza di 1.\r\nModifica l\'AC di 6.',100,'43','Monaco Anziano',38,'2009-03-17 14:34:55',4,0,0,0,0,0,0,0,6),(238,'Una coroncina di platino runata',2,'4','2031','203',25,'-','5','LUMINOSO MAGICO BENEDETTO','La saggezza di 1.\r\nModifica la resistenza all\'energia di 2.',100,'44','Arpie',38,'2009-03-19 14:24:26',5,0,0,0,0,0,0,0,6),(239,'Un alto cappello in metallo',15,'1','3123','312',31,'-','0','ANTI-LADRO ANTI-GUERRIERO ANTI-BARBARO ANTI-OSCURO ANTI-PALADINO ANTI-RANGER ANTI-MONACO RESISTENTE.\r\nTi rende resistente all\\\'elettricita\\\'','L\'intelligenza di 1.\r\nModifica il mana di 2.\r\nModifica il regain del mana di 3.\r\nModifica il tiro al danno di 1.\r\nModifica la resistenza all\'energia di 1.\r\nModifica l\'eta\' di -1.',100,'67','Sciamano',2,'2010-02-07 03:07:23',5,0,0,0,0,0,0,0,6),(240,'Dei larghi pantaloni si seta blu',15,'0','507','50',13,'-','0','MAGICO ANTI-MAGO ANTI-GUERRIERO ANTI-CHIERICO ANTI-DRUIDO ANTI-BARBARO ANTI-PSIONICO ANTI-NECROMANTE ANTI-OSCURO ANTI-PALADINO ANTI-RANGER ANTI-STREGONE FRAGILE','La destrezza di 1.',100,'51','Khurder',38,'2009-03-19 21:03:34',6,0,0,0,0,0,0,0,6),(241,'Kataza la lama magica',1,'2','1904','190',23,'Da 3 a 9 (media 6)','-','INVISIBILE MAGICO ANTI-MONACO CLASSE-UNIQUE','Il tiro al danno di 1.',100,'51','Kurdox',38,'2009-03-19 21:06:52',14,0,0,0,0,0,0,0,1),(242,'Un grande scudo',17,'111','2560','256',32,'-','33','MAGICO BENEDETTO ANTI-CATTIVO RESISTENTE','La resistenza al fuoco di 2.',100,'16','Guardia di adeon',2,'2009-03-20 15:56:34',10,0,0,0,0,0,0,0,6),(243,'Un paio di sandali di cuoio 2',15,'2','1102','110',21,'-','0','MAGICO','I punti movimento di -20.\r\nModifica l\'AC di 3.\r\nModifica grado di minaccia di -2.\r\nModifica la resistenza al magico di 1.',100,'16','Pellegrino',2,'2009-03-20 16:00:59',7,0,0,0,0,0,0,0,6),(244,'Una polsiera in argento',16,'4','2816','281',32,'-','1','ANTI-CATTIVO RESISTENTE','Il tiro per colpire di 1.\r\nModifica il tiro al danno di 1.\r\nModifica l\'AC di 4.\r\nModifica i punti ferita di 2.',100,'3','Vecchio Centauro',2,'2009-03-20 18:17:46',13,0,0,0,0,0,0,0,6),(245,'Un cappello logoro',15,'1','2352','235',28,'-','0','MAGICO ANTI-GUERRIERO ANTI-BARBARO ANTI-OSCURO ANTI-PALADINO ANTI-MONACO ANTI-STREGONE','La saggezza di 1.\r\nModifica il regain del mana di 10.\r\nModifica grado di minaccia di -1.',100,'2','Spettro di un paggio',2,'2009-03-21 14:41:55',5,0,0,0,0,0,0,0,6),(246,'Uno stiletto',1,'1','302','30',11,'Da 2 a 4 (media 3)','-','RESISTENTE',null,100,'41','Raen',38,'2009-03-21 15:24:28',14,0,0,0,0,0,0,0,3),(247,'Una maschera nera',15,'1','2700','270',30,'-','0','ANTI-MONACO CLASSE-UNIQUE','La fortuna di 1.\r\nModifica il tiro al danno di 1.\r\nModifica grado di minaccia di 1.\r\nModifica lo spell fail di 2.\r\nModifica l\'AC di 6.',100,'2','Ombra malefica',2,'2009-03-21 17:06:39',19,0,0,0,0,0,0,0,6),(248,'Un martello chiodato',1,'4','1960','196',28,'Da 2 a 8 (media 5)','-','ANTI-MAGO ANTI-LADRO ANTI-DRUIDO ANTI-VAMPIRO ANTI-PSIONICO ANTI-NECROMANTE ANTI-RANGER ANTI-MONACO ANTI-STREGONE','Il tiro per colpire di 2.\r\nModifica lo spell fail di -1.',100,'2','Cortigiano trasformato in demone nell\'ala ovest alta',2,'2009-03-21 17:38:21',14,0,0,0,0,0,0,0,2),(249,'Un candido drappo di stoffa',15,'1','2402','240',31,'-','0','Nessuno\r\nTi da la proprieta\\\' di essere cieco','Il mana di 5.\r\nModifica il regain del mana di 5.',100,'2','Per terra vicino il vulcano',2,'2009-03-21 18:08:20',19,0,0,0,0,0,0,0,6),(250,'Un liuto',1,'1','122','12',7,'Da 1 a 6 (media 3)','-','LUMINOSO MAGICO ANTI-GUERRIERO ANTI-CHIERICO ANTI-DRUIDO ANTI-VAMPIRO ANTI-BARBARO ANTI-PSIONICO ANTI-NECROMANTE ANTI-OSCURO ANTI-PALADINO ANTI-RANGER ANTI-MONACO\r\nANTI-STREGONE',null,100,'52','Gnomo Musico',2,'2009-03-21 23:18:52',14,0,0,0,0,0,0,0,8),(251,'Un pendente con diamante',4,'1','562','56',15,'-','-','LUMINOSO ANTI-CATTIVO ANTI-LADRO ANTI-GUERRIERO ANTI-BARBARO ANTI-PSIONICO ANTI-OSCURO ANTI-PALADINO ANTI-RANGER ANTI-MONACO FRAGILE','Lo spell fail di -2.\r\nModifica la saggezza di 1.',100,'55','Sanguisuga gigante',38,'2009-03-24 11:09:05',3,0,0,0,0,0,0,0,6),(252,'Una Cappa di velluto nero',15,'1','1718','0',25,'-','0','MAGICO FRAGILE','Il carisma di 1.\r\nModifica il mana di 2.\r\nModifica il regain del mana di 2.\r\nAumenta i danni dei tuoi incantesimi d\'energia di 2.\r\nModifica grado di minaccia di -1.\r\nModifica l\'AC di 1.',100,'18','Scheletro campione',38,'2009-03-24 17:03:32',22,0,0,0,0,0,0,0,6),(253,'Una preziosa collana di zaffiri',15,'1','1800','180',24,'-','0','MAGICO ANTI-LADRO ANTI-GUERRIERO ANTI-BARBARO ANTI-OSCURO ANTI-PALADINO ANTI-MONACO','Il regain del mana di 9.\r\nModifica lo spell fail di -2.\r\nModifica grado di minaccia di -1.\r\nAumenta i danni dei tuoi incantesimi d\'energia di 1.',100,'2','Dama di compagnia',2,'2009-03-26 15:14:05',3,0,0,0,0,0,0,0,6),(254,'Un elmo di cuoio',16,'2','360','36',12,'-','3','Nessuno','L\'intelligenza di 1.',100,'81','Contrabbandiere',2,'2009-03-26 15:16:33',5,0,0,0,0,0,0,0,6),(255,'Un collare pieno di punte aguzze',2,'5','1953','195',25,'-','2','Nessuno','L\'AC di 5.\r\nAumenta la difficolta\' di resistere ai tuoi incantesimi di 3.\r\nModifica grado di minaccia di 3.',100,'20','Capo Goblin',38,'2009-03-27 15:38:38',3,0,0,0,0,0,0,0,6),(256,'Una corazza evanescente',2,'45','939','93',17,'-','5','INVISIBILE MAGICO ANTI-BUONO ANTI-CATTIVO','La destrezza di 1.\r\nModifica l\'AC di 3.\r\nModifica i punti ferita di 1.',100,'14','Spettro guardiano',2,'2009-03-30 13:59:39',4,0,0,0,0,0,0,0,6),(257,'Un anello di cristallo blu',4,'0','253','25',9,'-','-','ANTI-CATTIVO ANTI-NEUTRALE','Il carisma di 1.',100,'14','Cassa blu dallo spettro guardiano che si apre con la gemma del mostro del lago',2,'2009-03-30 14:22:06',2,0,0,0,0,0,0,0,6),(258,'Un frammento di corallo',1,'2','2642','264',31,'Da 1 a 1 (media 1)','-','ANTI-LADRO ANTI-GUERRIERO ANTI-VAMPIRO ANTI-BARBARO ANTI-MONACO FRAGILE','Lo spell fail di -15.',100,'15','Statua di un tritone',38,'2009-03-31 09:04:44',14,0,0,0,0,0,0,0,2),(259,'Un pendente di cristallo',4,'0','722','72',17,'-','-','RONZANTE MAGICO ANTI-NEUTRALE FRAGILE\r\nTi rende resistente al freddo\r\nAumenta la difficolta\\\' di resistere ai tuoi incantesimi di 2.','Grado di minaccia di -2.',100,'14','Premio Quest soraya, darle l\'anello che si trova nel bauletto dallo spettro del re (si apre con la)',2,'2009-04-01 01:22:05',3,0,0,0,0,0,0,0,6),(260,'Un pendente di cristallo2',4,'0','302','30',11,'-','-','RONZANTE ANTI-NEUTRALE FRAGILE','La fortuna di 1.\r\nModifica il regain del mana di 1.',100,'14','Premio Quest soraya, darle l\'anello che si trova nel bauletto dallo spettro del re (si apre con la)',2,'2009-04-01 01:26:24',3,0,0,0,0,0,0,0,6),(261,'Un cannochiale',4,'1','302','30',11,'-','-','RESISTENTE','Lo spell fail di -2.',100,'41','Cassa in oro Massiccio - Raen',48,'2009-04-01 02:13:25',15,0,0,0,0,0,0,0,6),(262,'Uno scudo d\'acciaio',17,'110','302','0',11,'-','13','RESISTENTE','-',100,'41','Capitano delle Guardie',48,'2009-04-01 02:13:10',10,0,0,0,0,0,0,0,6),(263,'Un paio di guanti di maglia',17,'9','202','0',9,'-','3','RESISTENTE','-',100,'41','Capo delle Guardie',48,'2009-04-01 02:13:00',8,0,0,0,0,0,0,0,6),(264,'Un elmo completo di ferro',17,'9','302','0',11,'-','5','ANTI-MAGO ANTI-LADRO ANTI-MONACO RESISTENTE','Lo spell fail di 5.\r\nModifica l\'AC di 2.\r\nModifica grado di minaccia di 1.',100,'41','Capo delle Guardie',48,'2009-04-01 02:12:37',5,0,0,0,0,0,0,0,6),(265,'Un paio di gambali d\'acciaio',17,'36','302','0',11,'-','5','RESISTENTE','-',100,'41','Capo delle Guardie',48,'2009-04-01 02:15:24',6,0,0,0,0,0,0,0,6),(267,'Un paio di guardiabraccia di piastre',2,'9','160','0',8,'-','-','RESISTENTE','I punti ferita di 1.',100,'41','Capo delle Guardie',2,'2010-02-06 20:04:42',9,0,0,0,0,0,0,0,6),(268,'Una corda magica',4,'1','363','36',11,'-','-','MAGICO ANTI-MAGO ANTI-GUERRIERO ANTI-CHIERICO ANTI-VAMPIRO ANTI-BARBARO ANTI-OSCURO ANTI-PALADINO ANTI-STREGONE','La fortuna di 1.\r\nModifica grado di minaccia di -2.',100,'41','Cassa in Oro Massiccio',2,'2010-02-25 22:58:26',15,0,0,0,0,0,0,0,6),(269,'Un pettorale d\'acciaio',17,'90','2402','240',31,'-','8','MALVAGIO RESISTENTE','Lo spell fail di 9.\r\nTi rende resistente alle armi da punta.\r\nModifica la forza di 1.\r\nModifica la resistenza alle armi da punta di 1.',100,'41','Farwan',2,'2009-04-15 17:45:04',4,0,0,0,0,0,0,0,6),(270,'Una catena di ferro 2',1,'1','2402','240',31,'Da 3 a 9 (media 6)','-','MALVAGIO MAGICO RESISTENTE','Il tiro per colpire di 1.\r\nModifica grado di minaccia di 3.',100,'41','Farwan',2,'2010-02-25 23:52:59',14,0,0,0,0,0,0,0,7),(271,'Una veste bianca',15,'1','2031','0',25,'-','0','MAGICO BENEDETTO ANTI-CATTIVO ANTI-MAGO ANTI-LADRO ANTI-GUERRIERO ANTI-VAMPIRO ANTI-BARBARO ANTI-NECROMANTE ANTI-OSCURO ANTI-RANGER ANTI-MONACO ANTI-STREGONE FRAGILE','Il regain del mana di 3.\r\nModifica la saggezza di 1.\r\nModifica l\'AC di 3.\r\nModifica il mana di 3.',100,'30','Termite Bianca',48,'2009-04-02 02:38:57',4,0,0,0,0,0,0,0,6),(277,'Uno scudo di cuoio intrecciato',16,'27','62','6',5,'-','6','ANTI-NEUTRALE ANTI-DONNA','La capacita\' di parare di 2.\r\nModifica la resistenza alle armi da punta di 1.',100,'39','Guardia di Gundabad',2,'2009-04-03 21:32:54',10,0,0,0,0,0,0,0,6),(273,'Un bracciale d\'oro (2)',16,'4','Bra75','247',30,'-','2','MAGICO BENEDETTO ANTI-CATTIVO ANTI-MAGO ANTI-LADRO ANTI-GUERRIERO ANTI-BARBARO ANTI-OSCURO ANTI-RANGER ANTI-MONACO ANTI-STREGONE RESISTENTE','Lo spell fail di -2.\r\nModifica il tiro al danno di 1.\r\nModifica la resistenza all\'energia di 3.',100,'30','Termite Bianca',48,'2009-04-02 03:23:42',9,0,0,0,0,0,0,0,6),(278,'Un piccolo orecchino di acciaio',15,'1','1562','156',25,'-','0','ANTI-MAGO ANTI-DRUIDO ANTI-NECROMANTE ANTI-STREGONE RESISTENTE','La fortuna di 1.\r\nModifica il tiro al danno di 1.\r\nModifica l\'AC di 4.',100,'39','Difensore nanico',2,'2009-04-03 22:39:10',16,0,0,0,0,0,0,0,6),(276,'Una cintura d\'argento',15,'0','605','67',15,'-','0','ANTI-MAGO CLASSE-UNIQUE','La destrezza di 1.\r\nModifica il regain del movimenti di 2.',100,'27','Scheletro Mago',38,'2009-04-02 21:54:54',12,0,0,0,0,0,0,0,6),(279,'Il manto della fenice',15,'1','3981','398',35,'-','0','MAGICO BENEDETTO ANTI-LADRO ANTI-GUERRIERO ANTI-DRUIDO ANTI-BARBARO ANTI-PSIONICO ANTI-PALADINO ANTI-RANGER ANTI-MONACO RESISTENTE','L\'AC di 5.\r\nModifica l\'intelligenza di 1.\r\nModifica il mana di 11.\r\nAumenta i danni dei tuoi incantesimi di fuoco di 2.',100,'2','(Superiore) Un uomo-salamandra di fuoco',2,'2009-04-04 20:32:19',22,0,0,0,0,0,0,0,6),(280,'Una coroncina di fiori secchi',4,'1','3368','336',35,'-','-','BENEDETTO ANTI-CATTIVO FRAGILE','La saggezza di 1.\r\nModifica l\'intelligenza di 1.\r\nModifica il mana di 8.',100,'35','Nella stanza a nord del capo villaggio, si apre con la chiave bianca addosso al capo',2,'2009-04-04 22:03:20',5,0,0,0,0,0,0,0,6),(281,'Un paio di occhialetti da vista',4,'0','640','64',16,'-','-','RESISTENTE','Lo spell fail di -8.',100,'50','Grebbs il contabile',2,'2009-04-04 22:31:25',19,0,0,0,0,0,0,0,6),(283,'Un anello di vetro',4,'0','2250','0',30,'-','-','LUMINOSO MAGICO FRAGILE','Il carisma di 1.\r\nModifica il regain del mana di 6.',100,'27','Secondo guardiano',2,'2009-04-05 00:42:18',2,0,0,0,0,0,0,0,6),(285,'Una ampolla di giada',6,'1','562','56',15,'-','-','E\' vuota.\r\nETERNO','-',100,'18','Nel bauletto di Roshi',2,'2009-04-07 23:54:01',21,0,0,0,0,0,0,0,6),(286,'Un cardiofylax di bronzo',2,'45','2883','288',31,'-','7','ANTI-BARBARO CLASSE-UNIQUE','La destrezza di 1.\r\nModifica i punti ferita di 3.\r\nModifica il regain dei pf di 2.\r\nModifica grado di minaccia di 1.',100,'18','Nello scheletro a sud est del custode',2,'2009-04-05 23:20:00',4,0,0,0,0,0,0,0,6),(287,'Una scheggia di vetro',1,'2','2312','231',29,'Da 2 a 6 (media 4)','-','ANTI-NEUTRALE NON-RIMUOVIBILE ANTI-DRUIDO ANTI-VAMPIRO ANTI-RANGER ANTI-MONACO FRAGILE','I punti ferita di -10.\r\nModifica il tiro al danno di 2.\r\nModifica lo spell fail di -2.',100,'18','Immagine riflessa',2,'2009-04-05 23:21:24',14,0,0,0,0,0,0,0,3),(288,'Un fioretto d\'acciaio',1,'1','3072','307',32,'Da 2 a 10 (media 6)','-','ANTI-GUERRIERO CLASSE-UNIQUE RESISTENTE',null,100,'58','Welilith',38,'2009-04-07 12:17:47',14,0,0,0,0,0,0,0,3),(289,'Un paio di guardiabraccia di bronzo',16,'4','3062','306',35,'-','1','ANTI-MAGO ANTI-CHIERICO ANTI-NECROMANTE RESISTENTE','Il tiro per colpire di 1.\r\nModifica i punti ferita di 4.',100,'39','Difensore nanico',2,'2009-04-07 13:00:48',9,0,0,0,0,0,0,0,6),(290,'Un paio di guanti di velluto nero',15,'1','1323','132',21,'-','0','ANTI-MAGO ANTI-PSIONICO ANTI-NECROMANTE ANTI-STREGONE CLASSE-UNIQUE','Il regain del mana di 3.\r\nModifica il mana di 4.\r\nModifica l\'AC di 4.',100,'31','Apprendista sciamano',38,'2009-04-07 15:43:30',8,0,0,0,0,0,0,0,6),(291,'Un orecchino sacro',15,'1','3888','388',36,'-','0','MAGICO ANTI-LADRO ANTI-GUERRIERO ANTI-VAMPIRO ANTI-OSCURO ANTI-PALADINO ANTI-RANGER ANTI-MONACO','La saggezza di 1.\r\nModifica il tiro per colpire di -1.\r\nModifica l\'intelligenza di 1.\r\nModifica i punti ferita di -1.\r\nModifica il tiro al danno di 1.\r\nAumenta i danni dei tuoi incantesimi d\'energia di 2.\r\nModifica l\'AC di 2.',100,'67','Guardia del re piano superiore',38,'2009-04-07 16:09:31',16,0,0,0,0,0,0,0,6),(292,'Un bracciale argentato',15,'1','2352','235',28,'-','0','MAGICO ANTI-CATTIVO ANTI-LADRO ANTI-GUERRIERO ANTI-VAMPIRO ANTI-PALADINO ANTI-RANGER ANTI-MONACO','Il tiro al danno di -1.\r\nModifica il regain del mana di 8.\r\nModifica la fortuna di -1.\r\nModifica l\'intelligenza di 1.',100,'67','Istruttore',38,'2009-04-07 17:04:04',13,0,0,0,0,0,0,0,6),(293,'Un sussidiario',13,'0','1718','0',25,'-','-','ANTI-LADRO ANTI-GUERRIERO ANTI-VAMPIRO ANTI-OSCURO ANTI-PALADINO ANTI-RANGER ANTI-MONACO','La saggezza di 1.\r\nModifica il regain del mana di 2.\r\nAumenta i danni dei tuoi incantesimi d\'energia di 4.',100,'67','Istruttore',38,'2009-04-07 18:42:29',15,0,0,0,0,0,0,0,6),(294,'Un piccolo pugnale di cristallo',1,'1','1100','110',20,'Da 3 a 6 (media 4)','-','ANTI-CHIERICO ANTI-BARBARO ANTI-PSIONICO ANTI-PALADINO ANTI-MONACO','Il tiro al danno di 1.',100,'55','Grosso Ghoul sotto il cimitero',2,'2009-04-07 23:07:09',14,0,0,0,0,0,0,0,3),(296,'Un cappuccio di argentea maglia elfica',2,'4','02','6',5,'-','2','Nessuno',null,100,'56','Sentinella elfica con Laoines',2,'2009-04-10 13:06:06',5,0,0,0,0,0,0,0,6),(297,'Un enorme scudo d\'acciaio',17,'108','3672','367',30,'-','25','ANTI-GUERRIERO ANTI-VAMPIRO ANTI-BARBARO ANTI-OSCURO ANTI-PALADINO CLASSE-UNIQUE RESISTENTE','Il peso di 10.\r\nModifica l\'AC di 3.',100,'84','3 stanze a sud del capitano delle guardie (satiro)',2,'2009-04-10 14:49:13',10,0,0,0,0,0,0,0,6),(298,'Una collanina d\'acciaio',15,'1','2992','299',30,'-','0','MAGICO ANTI-MAGO ANTI-DRUIDO ANTI-PSIONICO ANTI-NECROMANTE ANTI-STREGONE RESISTENTE','Il tiro al danno di 1.\r\nModifica la forza di 1.\r\nModifica l\'AC di 6.\r\nAumenta i danni dei tuoi incantesimi d\'acido di 1.',100,'84','3 stanze a sud del capitano delle guardie (satiro)',2,'2009-04-10 14:51:59',3,0,0,0,0,0,0,0,6),(299,'Un paio di guardiabraccia d\'acciaio',2,'9','2992','299',30,'-','6','MAGICO ANTI-MAGO ANTI-LADRO ANTI-DRUIDO ANTI-RANGER ANTI-STREGONE RESISTENTE','Il peso di 5.\r\nModifica il tiro al danno di 1.\r\nModifica grado di minaccia di 2.',100,'84','3 stanze a sud del capitano delle guardie (satiro)',2,'2009-04-10 14:53:05',9,0,0,0,0,0,0,0,6),(300,'Un mantello robustissimo',16,'4','2992','299',30,'-','5','ANTI-MAGO ANTI-GUERRIERO ANTI-CHIERICO ANTI-PSIONICO ANTI-STREGONE FRAGILE','Il peso di 3.\r\nModifica l\'AC di 6.\r\nModifica il regain dei pf di 2.\r\nModifica i tiri salvezza su Tempra di 1.',100,'84','3 stanze a sud del capitano delle guardie (satiro)',2,'2009-04-10 14:54:44',22,0,0,0,0,0,0,0,6),(301,'Un asta con uno zaffiro sulla cima',5,'0','4000','400',40,'-','-','MAGICO ANTI-BARBARO ANTI-NECROMANTE ANTI-MONACO','L\'intelligenza di 1.\r\nModifica la saggezza di 1.\r\nModifica il regain del mana di 1.\r\nAumenta i danni dei tuoi incantesimi d\'energia di 4.',100,'84','Si cerca in una stanza povera',38,'2009-04-10 15:11:44',14,0,0,0,0,0,0,0,6),(302,'[NON AAA] Una lunga spada di metallo lucente',1,'3','4000','400',40,'-','-','MAGICO ANTI-MAGO ANTI-LADRO ANTI-VAMPIRO ANTI-BARBARO ANTI-NECROMANTE ANTI-PALADINO ANTI-STREGONE',null,100,'84','Nel baule nella stanza segreta sotto il tappeto',2,'2009-04-18 20:52:27',14,0,0,0,0,0,0,0,1),(303,'Una claymore',1,'3','2624','262',27,'Da 4 a 8 (media 6)','-','MAGICO ANTI-BUONO ANTI-OSCURO CLASSE-UNIQUE RESISTENTE.\r\nTi rende resistente alla paralisi.','Il tiro al danno di 1.\r\nModifica il tiro per colpire di 1.',100,'22','Spettro murato vivo',2,'2010-02-06 18:15:08',14,0,0,0,0,0,0,0,3),(304,'Una vertebra di scheletro di drago',4,'2','2102','210',29,'-','-','Nessuno','Il tiro al danno di 2.\r\nModifica grado di minaccia di 1.',100,'22','Drago ossa',2,'2009-04-10 18:14:05',13,0,0,0,0,0,0,0,6),(305,'Dei guanti di pelle nera',15,'1','2250','225',30,'-','0','MAGICO NON-POSABILE ANTI-CATTIVO','La forza di 1.\r\nModifica la destrezza di 1.\r\nModifica l\'AC di 6.\r\nModifica lo spell fail di -2.',100,'22','Athresil il sanguinario',2,'2009-04-10 18:21:38',8,0,0,0,0,0,0,0,6),(306,'Un orecchino di metallo brunito',4,'1','2475','247',30,'-','-','MAGICO NON-POSABILE RESISTENTE','La saggezza di 1.\r\nModifica l\'intelligenza di 1.\r\nModifica il regain del mana di 2.',100,'22','Athresil il sanguinario',2,'2009-04-10 18:23:23',16,0,0,0,0,0,0,0,6),(307,'Un antico spadone a due mani',1,'4','1875','187',25,'Da 1 a 9 (media 5)','-','ANTI-BARBARO CLASSE-UNIQUE','Il tiro al danno di 2.\r\nModifica grado di minaccia di 1.',100,'22','Xargo',2,'2009-04-10 18:35:40',23,0,0,0,0,0,0,0,1),(308,'Un paio di stivali con placche di metallo',2,'4','1323','132',21,'-','2','ANTI-BARBARO CLASSE-UNIQUE','I punti movimento di -20.\r\nModifica la forza di 1.\r\nModifica il tiro per colpire di 1.\r\nModifica i punti ferita di 1.',100,'22','Xargo',2,'2009-04-10 18:48:51',7,0,0,0,0,0,0,0,6),(309,'Un elmo completo in mithril',2,'4','1323','132',21,'-','6','ANTI-BARBARO CLASSE-UNIQUE','Il tiro al danno di 1.\r\nModifica il regain dei pf di 4.',100,'22','Xargo',2,'2009-04-10 18:49:46',5,0,0,0,0,0,0,0,6),(310,'La cintura delle Virtu\'',15,'1','3828','382',35,'-','0','MAGICO ANTI-CATTIVO RESISTENTE','La destrezza di 1.\r\nModifica il mana di 8.\r\nModifica grado di minaccia di -2.\r\nModifica lo spell fail di -2.\r\nModifica l\'AC di 3.\r\nModifica la forza di 1.',100,'22','Per terra nell\'ultima room a sud in alto',2,'2009-04-10 19:37:43',12,0,0,0,0,0,0,0,6),(311,'Una pozione marmorea',6,'0','302','30',11,'-','-','ETERNO',null,100,'22','Nel tabernacolo, la chaive l\'ha lo spettro murato vivo',2,'2009-04-10 19:40:45',21,0,0,0,0,0,0,0,6),(312,'Un paio di stivali di pelle nera',15,'1','3981','398',35,'-','0','MAGICO','L\'AC di 3.\r\nModifica il tiro al danno di 1.\r\nModifica il tiro per colpire di 2.\r\nModifica grado di minaccia di 3.',100,'2','Uomo salamandra di fuoco',2,'2009-04-10 20:29:53',7,0,0,0,0,0,0,0,6),(313,'Un bastone di avorio',1,'5','2700','270',30,'Da 2 a 8 (media 5)','-','MAGICO ANTI-CATTIVO ANTI-NEUTRALE ANTI-CHIERICO CLASSE-UNIQUE\r\nAggiunge al danno un bonus da fuoco, pari a 1d3.','Il tiro al danno di 1.\r\nModifica lo spell fail di -6.',100,'35','Sacerdotessa',2,'2009-04-10 21:42:14',14,0,0,0,0,0,0,0,2),(314,'Ranhyl il Maglio',1,'8','4165','416',35,'Da 3 a 12 (media 7)','-','MAGICO BENEDETTO RESISTENTE','Il tiro al danno di 2.\r\nModifica grado di minaccia di 3.\r\nModifica lo spell fail di -5.',100,'35','Thorel il fabbro',2,'2009-04-10 21:55:54',23,0,0,0,0,0,0,0,2),(315,'Dei pantaloni di pelle',16,'9','2062','206',25,'-','5','ANTI-RANGER CLASSE-UNIQUE FRAGILE','La forza di 1.\r\nModifica il regain dei pf di 3.',100,'35','Sentinella elfica',2,'2009-04-10 22:01:01',6,0,0,0,0,0,0,0,6),(316,'Una bacchetta di legno di quercia',5,'0','562','56',15,'-','-','ANTI-MAGO ANTI-CHIERICO ANTI-RANGER FRAGILE.\r\nHa 6(5) cariche di livello 50 delle seguenti magie:\r\n - \'parola di richiamo\'',null,100,'20','Lyssa',2,'2009-04-10 22:19:32',15,0,0,0,0,0,0,0,6),(317,'Una lunga spada a due mani',1,'5','3171','317',31,'Da 2 a 12 (media 7)','-','LUMINOSO BENEDETTO ANTI-PALADINO CLASSE-UNIQUE RESISTENTE','Il tiro per colpire di 1.\r\nModifica grado di minaccia di 3.',100,'20','Dietro la porta con il drappo, la chiave la ha il borgomastro',2,'2009-04-10 22:25:15',23,0,0,0,0,0,0,0,1),(318,'Un vello d\'oro',15,'4','60','306',30,'-','0','ANTI-CATTIVO FRAGILE','L\'AC di 2.\r\nAumenta i danni dei tuoi incantesimi d\'energia di 9.',100,'3','Medea',2,'2009-04-11 01:44:27',22,0,0,0,0,0,0,0,6),(319,'Una mazza in oro massiccio (NON AFFITTABILE)',1,'4','2700','270',30,'Da 2 a 12 (media 7)','-','ANTI-MONACO ANTI-STREGONE','Il tiro al danno di 1.',100,'58','Nuvar',48,'2009-04-11 02:23:47',14,0,0,0,0,0,0,0,2),(320,'Un anello d\'oro rosso',4,'0','Un62','156',25,'-','-','MAGICO ANTI-BUONO ANTI-CATTIVO','Il regain del mana di 5.\r\nAumenta i danni dei tuoi incantesimi d\'energia di 3.',100,'47','Apprendista',2,'2009-04-11 20:14:05',2,0,0,0,0,0,0,0,6),(321,'Un anello d\'avorio',4,'0','1718','171',25,'-','-','MAGICO ANTI-CATTIVO ANTI-NEUTRALE','Il mana di 1.\r\nModifica il carisma di 1.\r\nModifica il tiro per colpire di 1.\r\nModifica i punti ferita di 2.\r\nModifica grado di minaccia di -1.',100,'47','Allievo',2,'2009-04-11 20:16:05',2,0,0,0,0,0,0,0,6),(322,'Un piccolo rubino',10,'0','4887','488',35,'-','-','MAGICO ANTI-LADRO CLASSE-UNIQUE','La fortuna di 1.\r\nModifica la destrezza di 1.\r\nModifica i punti ferita di 1.\r\nModifica grado di minaccia di -2.',100,'64','Si cerca dal vermone',2,'2009-04-11 21:48:44',15,0,0,0,0,0,0,0,6),(323,'Un robusto collare di cuoio',15,'1','3240','324',30,'-','0','CLASSE-UNIQUE','La forza di 1.\r\nModifica il tiro al danno di 1.\r\nModifica il peso di 2.',100,'84','Kerberos',2,'2009-04-12 21:05:43',3,0,0,0,0,0,0,0,6),(324,'Una candida veste',15,'0','411','41',11,'-','0','ANTI-CATTIVO ANTI-NEUTRALE ANTI-LADRO ANTI-GUERRIERO ANTI-VAMPIRO ANTI-BARBARO ANTI-MONACO','Lo spell fail di -5.',100,'41','Terzo Guardiano',48,'2009-04-14 01:13:59',4,0,0,0,0,0,0,0,6),(325,'Un singolo guardiabraccia d\'avorio',2,'9','160','16',8,'-','2','MAGICO RESISTENTE','-',100,'41','Farwan',2,'2009-09-07 16:28:23',9,0,0,0,0,0,0,0,6),(326,'Un paio di gambali di piastre',2,'18','160','16',8,'-','4','ANTI-LADRO ANTI-DRUIDO RESISTENTE',null,100,'41','Farwan',2,'2009-04-15 17:48:15',6,0,0,0,0,0,0,0,6),(327,'Un coltello a serramanico',1,'1','10','1',2,'Da 1 a 1 (media 1)','-','RESISTENTE',null,100,'41','Esperto mercenario',2,'2009-04-15 17:49:42',14,0,0,0,0,0,0,0,3),(328,'Una spada seghettata',1,'3','122','12',7,'Da 1 a 5 (media 3)','-','RESISTENTE','Il tiro al danno di 1.',100,'41','Mercenario',2,'2009-04-15 17:51:07',14,0,0,0,0,0,0,0,1),(329,'Un anello molto prezioso',4,'3','3828','0',35,'-','-','ANTI-BUONO ANTI-NEUTRALE','Il regain del mana di 14.',100,'47','Elforagno',2,'2009-04-15 18:07:04',2,0,0,0,0,0,0,0,6),(330,'L\'anello dell\'agilitÃ ',15,'1','4165','416',35,'-','0','ANTI-MAGO ANTI-CHIERICO ANTI-DRUIDO ANTI-BARBARO ANTI-PSIONICO ANTI-NECROMANTE ANTI-OSCURO ANTI-RANGER ANTI-MONACO\r\nANTI-STREGONE RESISTENTE','La destrezza di 1.\r\nModifica il tiro per colpire di 2.\r\nModifica la resistenza all\'acido di 1.',100,'2','Uomo salamandra di fuoco, in giro per il vulcano',2,'2010-01-15 16:34:11',2,0,0,0,0,0,0,0,6),(331,'Un paio di gambali cesellati',16,'9','1562','156',25,'-','4','Nessuno','I punti ferita di 6.\r\nModifica lo spell fail di 5.\r\nModifica l\'AC di 4.',100,'2','Guardia di corte',2,'2009-04-15 19:54:17',6,0,0,0,0,0,0,0,6),(332,'Un mestolo di legno',1,'4','1562','0',25,'Da 2 a 8 (media 5)','-','MAGICO','Il tiro al danno di 1.\r\nModifica grado di minaccia di -2.\r\nModifica lo spell fail di -3.',100,'2','Cuoca, nella cantina',2,'2009-04-15 19:58:33',14,0,0,0,0,0,0,0,2),(333,'Una spada antica',1,'4','90','9',6,'Da 1 a 6 (media 3)','-','MAGICO ANTI-BUONO ANTI-CATTIVO ANTI-LADRO ANTI-CHIERICO ANTI-DRUIDO ANTI-PSIONICO ANTI-NECROMANTE ANTI-STREGONE',null,100,'27','Comandante degli armigeri',2,'2009-04-15 21:00:26',14,0,0,0,0,0,0,0,1),(334,'Una sottilissima coroncina di platino',4,'0','2587','258',28,'-','-','MAGICO ANTI-MONACO CLASSE-UNIQUE','Il tiro al danno di 1.\r\nModifica la resistenza al freddo di 2.\r\nModifica il regain dei pf di 3.',100,'32','Discepolo di Mudrar (che si scuda ossa)',60,'2010-10-26 05:30:07',5,0,0,0,0,0,0,0,6),(335,'Un bracciale di pietra',15,'3','4000','400',40,'-','0','ANTI-MAGO ANTI-LADRO ANTI-GUERRIERO ANTI-CHIERICO ANTI-DRUIDO ANTI-BARBARO ANTI-PSIONICO ANTI-NECROMANTE ANTI-STREGONE','La forza di 1.\r\nModifica il tiro al danno di 2.\r\nModifica i punti ferita di 2.',100,'2','Idolo',2,'2009-04-18 14:59:49',13,0,0,0,0,0,0,0,6),(336,'Collana di pietra',15,'1','4410','441',35,'-','0','ANTI-MONACO CLASSE-UNIQUE','La capacita\' di calciare di 10.\r\nModifica il tiro per colpire di 1.\r\nModifica l\'AC di 3.\r\nModifica la forza di 1.\r\nModifica la fortuna di 1.\r\nAumenta la tua riduzione dei danni di 1.\r\nModifica grado di minaccia di 3.',100,'2','Idolo',2,'2009-04-18 15:02:53',3,0,0,0,0,0,0,0,6),(337,'Un amuleto di pietra 2',15,'1','2475','247',30,'-','0','ANTI-BUONO ANTI-GUERRIERO ANTI-DRUIDO ANTI-VAMPIRO ANTI-BARBARO ANTI-OSCURO ANTI-PALADINO ANTI-RANGER ANTI-MONACO','Lo spell fail di -2.\r\nModifica il mana di 20.',100,'2','Idolo',2,'2009-04-18 19:15:19',3,0,0,0,0,0,0,0,6),(338,'Un cristallo di zolfo',10,'1','302','30',11,'-','-','ANTI-BUONO ANTI-MAGO ANTI-CHIERICO ANTI-PALADINO ANTI-STREGONE ETERNO RESISTENTE',null,100,'2','Idolo',2,'2009-04-18 15:17:11',15,0,0,0,0,0,0,0,6),(339,'Un martello con la punta di ferro',1,'3','202','20',9,'Da 2 a 6 (media 4)','-','ANTI-VAMPIRO ANTI-OSCURO ANTI-MONACO','Il tiro per colpire di 1.',100,'45','Nano sentinella',2,'2009-04-19 00:39:36',14,0,0,0,0,0,0,0,2),(340,'Una spada corta',1,'3','62','6',5,'Da 1 a 5 (media 3)','-','ANTI-BARBARO ANTI-MONACO ANTI-STREGONE RESISTENTE','Il tiro per colpire di 1.',100,'45','Nana soldatessa',2,'2009-04-19 00:41:06',14,0,0,0,0,0,0,0,1),(341,'Un\'ascia nanica',1,'1','62','6',5,'Da 1 a 5 (media 3)','-','MAGICO ANTI-MAGO ANTI-DRUIDO ANTI-PSIONICO ANTI-PALADINO ANTI-RANGER ANTI-STREGONE RESISTENTE','Lo spell fail di 4.',100,'45','Per terra nell\'armeria',2,'2009-04-19 00:42:00',14,0,0,0,0,0,0,0,1),(342,'Una semplice cotta di maglia',2,'45','122','12',7,'-','3','ANTI-MAGO ANTI-MONACO ANTI-STREGONE','La capacita\' di caricare di 1.\r\nModifica lo spell fail di 3.\r\nModifica l\'AC di 1.',100,'45','Nana soldatessa',2,'2009-04-19 00:42:53',4,0,0,0,0,0,0,0,6),(343,'Un coperchio di peltro',16,'27','62','6',5,'-','5','ANTI-MAGO ANTI-MONACO',null,100,'45','Nano assistente in cucina',2,'2009-04-19 00:45:24',10,0,0,0,0,0,0,0,6),(344,'Un forchettone',1,'1','90','9',6,'Da 1 a 4 (media 2)','-','Nessuno',null,100,'45','Nana cuoca in cucina',2,'2009-04-19 00:46:34',14,0,0,0,0,0,0,0,2),(345,'Un mestolo di legno 2',1,'3','10','1',2,'Da 1 a 5 (media 3)','-','ANTI-BARBARO ANTI-OSCURO ANTI-PALADINO ANTI-MONACO','La capacita\' di cucinare di 4.\r\nModifica il peso di 1.',100,'45','Nana cuoca in cucina',2,'2009-04-19 00:47:34',14,0,0,0,0,0,0,0,2),(346,'Uno scudo di ottone',16,'27','250','25',10,'-','4','ANTI-DRUIDO ANTI-VAMPIRO ANTI-BARBARO ANTI-PSIONICO ANTI-OSCURO ANTI-PALADINO ANTI-RANGER ANTI-MONACO','La resistenza al fuoco di 1.\r\nModifica lo spell fail di -1.',100,'45','Priore',2,'2009-04-19 00:55:17',10,0,0,0,0,0,0,0,6),(347,'Una semplice azza',1,'3','562','56',15,'Da 1 a 8 (media 4)','-','MAGICO BENEDETTO ANTI-MAGO ANTI-LADRO ANTI-GUERRIERO ANTI-BARBARO ANTI-PSIONICO ANTI-OSCURO ANTI-PALADINO ANTI-RANGER ANTI-MONACO ANTI-STREGONE','Lo spell fail di -3.\r\nModifica grado di minaccia di -2.',100,'45','Priore',2,'2009-04-19 00:56:58',14,0,0,0,0,0,0,0,3),(348,'Una veste rossa',16,'22','300','30',10,'-','2','MAGICO ANTI-CHIERICO CLASSE-UNIQUE','La forza di 1.\r\nModifica i punti ferita di 1.\r\nModifica grado di minaccia di -1.',100,'45','Chierico nano',2,'2009-04-19 01:04:38',4,0,0,0,0,0,0,0,6),(349,'Un grosso cero',1,'3','250','25',10,'Da 1 a 3 (media 2)','-','INVISIBILE ANTI-CATTIVO ANTI-LADRO ANTI-GUERRIERO ANTI-VAMPIRO ANTI-BARBARO ANTI-PSIONICO ANTI-OSCURO ANTI-RANGER.\r\nAumenta gli effetti dei tuoi incantesimi di cura di 2.','Il regain del mana di 1.',100,'45','Chierico nano',2,'2009-04-19 15:47:03',14,0,0,0,0,0,0,0,5),(350,'Un giacchino intrecciato',16,'22','360','36',12,'-','3','ANTI-CATTIVO ANTI-MAGO ANTI-CHIERICO ANTI-VAMPIRO ANTI-BARBARO ANTI-PSIONICO ANTI-OSCURO ANTI-STREGONE','La capacita\' di parare di 3.\r\nModifica la forza di 1.\r\nModifica l\'AC di 1.',100,'45','Maeg',2,'2009-04-19 01:12:18',4,0,0,0,0,0,0,0,6),(351,'Una grossa ascia bipenne 2',1,'3','422','42',13,'Da 1 a 7 (media 4)','-','ANTI-MAGO ANTI-CHIERICO ANTI-DRUIDO ANTI-VAMPIRO ANTI-PSIONICO ANTI-NECROMANTE ANTI-OSCURO ANTI-PALADINO ANTI-RANGER ANTI-STREGONE','Il tiro per colpire di 1.\r\nModifica grado di minaccia di 1.\r\nModifica lo spell fail di 1.',100,'45','Maeg',2,'2009-04-19 01:14:29',14,0,0,0,0,0,0,0,1),(352,'Un girocollo d\'oro',16,'2','Gir18','61',15,'-','1','ANTI-CATTIVO ANTI-DRUIDO ANTI-BARBARO ANTI-PSIONICO ANTI-OSCURO ANTI-RANGER FRAGILE','La fortuna di 1.\r\nModifica il mana di 6.',100,'45','Maeg',2,'2009-04-19 01:15:29',3,0,0,0,0,0,0,0,6),(353,'Un\'enorme spada ricurva',1,'5','877','87',15,'Da 1 a 8 (media 4)','-','ANTI-BARBARO CLASSE-UNIQUE','Il tiro al danno di 1.\r\nModifica grado di minaccia di 3.',100,'24','Magdor',38,'2009-05-04 17:30:26',23,0,0,0,0,0,0,0,1),(354,'Un grosso bastone',1,'5','4165','416',35,'Da 3 a 12 (media 7)','-','MAGICO ANTI-LADRO ANTI-GUERRIERO ANTI-DRUIDO ANTI-OSCURO ANTI-PALADINO ANTI-RANGER ANTI-MONACO','La saggezza di 1.\r\nModifica il regain del mana di 3.\r\nModifica grado di minaccia di -2.',100,'2','Uomo salamandra di fuoco, in giro per il vulcano',2,'2009-04-21 16:40:08',14,0,0,0,0,0,0,0,2),(355,'Un anello di ghiaccio',4,'0','2125','212',25,'-','-','MAGICO ANTI-CATTIVO FRAGILE RESISTENTE','La resistenza al freddo di 2.\r\nAumenta i danni dei tuoi incantesimi di ghiaccio di 2.\r\nModifica il mana di 2.',100,'3','Sivitri',2,'2009-04-21 18:46:17',2,0,0,0,0,0,0,0,6),(356,'Il kilt della forza intangibile',15,'1','4887','488',35,'-','0','LUMINOSO MAGICO ANTI-MAGO ANTI-STREGONE CLASSE-UNIQUE','La resistenza al non magico di 7.\r\nModifica grado di minaccia di -1.',100,'44','Maestro Drow',2,'2010-03-07 15:51:22',6,0,0,0,0,0,0,0,6),(357,'Uno scettro d\'ossa',4,'0','3591','359',30,'-','-','ANTI-NECROMANTE CLASSE-UNIQUE','L\'intelligenza di 1.\r\nModifica bonus agli incantesimi d\'ombra di 10.\r\nModifica il regain del mana di 1.',100,'44','Agrimahn il cupo',2,'2009-04-21 20:16:34',15,0,0,0,0,0,0,0,6),(358,'Un cappuccio di pelle',15,'1','22','2',3,'-','0','Nessuno','Il mana di 1.',100,'55','Acquistato al bazar',2,'2009-04-21 23:51:35',5,0,0,0,0,0,0,0,6),(359,'Un singolo guardiabraccia arrugginito',17,'18','4000','400',40,'-','10','BENEDETTO FRAGILE','Il tiro al danno di 1.\r\nModifica la resistenza al magico di 1.\r\nModifica lo spell fail di -3.',100,'47','Spettro del paladino, in fondo al lago',2,'2009-04-22 17:41:47',9,0,0,0,0,0,0,0,6),(360,'Dei gambali arrugginiti',17,'36','4400','440',40,'-','13','BENEDETTO FRAGILE','I punti ferita di 4.\r\nModifica la resistenza al magico di 1.',100,'47','Spettro del paladino, in fondo al lago',2,'2009-04-22 19:11:31',6,0,0,0,0,0,0,0,6),(361,'Un giaco di scaglie di rettile',16,'22','5171','517',39,'-','5','ANTI-MAGO ANTI-LADRO ANTI-DRUIDO ANTI-PSIONICO ANTI-NECROMANTE ANTI-PALADINO ANTI-RANGER ANTI-STREGONE RESISTENTE','La destrezza di 1.\r\nModifica i punti ferita di 10.\r\nAumenta la tua riduzione dei danni di 1.',100,'2','Uomo salamandra di fuoco, in giro per il vulcano',2,'2009-04-23 01:00:52',4,0,0,0,0,0,0,0,6),(362,'Una scheggia di ferro',1,'1','1323','132',21,'Da 2 a 4 (media 3)','-','ANTI-LADRO CLASSE-UNIQUE RESISTENTE\r\nMaggiora il danno solo contro la razza drahn','Il tiro al danno di 3.',100,'10','Brigante',2,'2009-04-23 15:06:42',14,0,0,0,0,0,0,0,3),(363,'Una spada arrugginita',1,'3','302','30',11,'Da 1 a 5 (media 3)','-','ANTI-MAGO ANTI-LADRO ANTI-GUERRIERO ANTI-DRUIDO ANTI-VAMPIRO ANTI-PSIONICO ANTI-RANGER ANTI-STREGONE RESISTENTE','Il tiro al danno di 2.\r\nMaggiora il danno solo contro la razza gigante',100,'10','Guardia nervosa, oltre il colonnato',2,'2009-04-23 15:19:20',14,0,0,0,0,0,0,0,1),(364,'Una corazza laminata',2,'45','1212','121',21,'-','3','MAGICO ANTI-CHIERICO ANTI-DRUIDO ANTI-BARBARO ANTI-PSIONICO ANTI-NECROMANTE ANTI-STREGONE RESISTENTE','I punti ferita di 5.\r\nModifica lo spell fail di 3.\r\nModifica la forza di 1.\r\nModifica grado di minaccia di 1.\r\nModifica l\'AC di 4.',100,'10','Guardia,  il corridoio nero',2,'2009-04-23 15:28:51',4,0,0,0,0,0,0,0,6),(365,'Una cotta di metallo scuro',16,'22','4654','465',37,'-','3','MAGICO RESISTENTE ANTI-DONNA\r\nMono Ramingo','I punti ferita di 9.\r\nModifica la destrezza di 1.\r\nModifica la forza di 1.\r\nModifica l\'AC di 1.',100,'10','Guardia, oltre le colonne',2,'2009-04-27 15:32:49',4,0,0,0,0,0,0,0,6),(366,'Una corona di latta',4,'4','489','48',12,'-','-','RESISTENTE','Il tiro al danno di 1.\r\nModifica il regain dei pf di 1.',100,'54','Re Ugghblup',2,'2009-04-23 23:29:02',5,0,0,0,0,0,0,0,6),(367,'Una collana d\'oro',4,'1','A c25','32',10,'-','-','RESISTENTE','Lo spell fail di 5.\r\nModifica la saggezza di 1.\r\nModifica il regain del mana di 1.',100,'54','Nobil donna',2,'2009-04-23 23:42:38',3,0,0,0,0,0,0,0,6),(368,'Un vecchio tomo',13,'0','4400','440',40,'-','-','INVISIBILE MAGICO ANTI-BUONO ANTI-LADRO ANTI-GUERRIERO ANTI-VAMPIRO ANTI-RANGER ANTI-MONACO FRAGILE','Il regain del mana di 5.\r\nAumenta i danni dei tuoi incantesimi di fuoco di 2.',100,'67','Essere di fango',2,'2010-02-25 13:26:38',15,0,0,0,0,0,0,0,6),(369,'Un semplice vestito',15,'1','62','6',5,'-','0','ANTI-VAMPIRO','Il regain del mana di 2.',100,'67','Abitante',2,'2009-04-24 21:14:53',4,0,0,0,0,0,0,0,6),(370,'Un cerchietto di spesso argento mithril',15,'1','3675','0',35,'-','0','MAGICO ANTI-BARBARO ANTI-OSCURO ANTI-PALADINO','Il regain dei pf di 5.\r\nModifica l\'AC di 4.\r\nModifica l\'intelligenza di 1.',100,'2','Golem di guardia a Sadrielith',2,'2010-11-06 18:06:34',5,0,0,0,0,0,0,0,6),(371,'Una spada dalla lama cesellata',1,'4','2523','252',29,'Da 2 a 10 (media 6)','-','ANTI-MAGO ANTI-LADRO ANTI-CHIERICO ANTI-DRUIDO ANTI-PSIONICO ANTI-MONACO ANTI-STREGONE','Il tiro al danno di 2.\r\nModifica lo spell fail di 2.',100,'2','Guardia di corte',2,'2009-04-27 16:46:24',14,0,0,0,0,0,0,0,1),(372,'Una lunga toga nera',15,'1','1455','0',21,'-','0','MAGICO ANTI-MAGO ANTI-NECROMANTE ANTI-STREGONE CLASSE-UNIQUE','Il regain del mana di 10.\r\nAumenta i danni dei tuoi incantesimi d\'energia di 1.\r\nModifica l\'AC di 2.',100,'31','Sciamano',2,'2009-04-28 17:00:01',4,0,0,0,0,0,0,0,6),(373,'Un paio di schinieri di titanite',16,'9','2250','225',30,'-','5','LUMINOSO ANTI-MAGO ANTI-CHIERICO ANTI-DRUIDO ANTI-NECROMANTE ANTI-MONACO ANTI-STREGONE RESISTENTE','L\'AC di 2.\r\nModifica la forza di 1.\r\nModifica la resistenza all\'energia di 1.',100,'39','Allievo duergar, dall\'istruttore',2,'2009-04-28 17:10:23',6,0,0,0,0,0,0,0,6),(374,'Una lunga veste azzurra',15,'1','2031','203',25,'-','0','BENEDETTO ANTI-LADRO ANTI-GUERRIERO ANTI-DRUIDO ANTI-PSIONICO ANTI-OSCURO ANTI-PALADINO ANTI-DONNA','Il mana di 4.\r\nModifica la saggezza di 1.\r\nModifica il regain del mana di 1.\r\nModifica l\'AC di 3.',100,'39','Istruttore',2,'2009-04-28 17:35:27',4,0,0,0,0,0,0,0,6),(375,'Un paio di scarponi di ferro',16,'2','1562','156',25,'-','4','ANTI-MAGO ANTI-LADRO ANTI-CHIERICO ANTI-VAMPIRO ANTI-BARBARO ANTI-PSIONICO ANTI-NECROMANTE ANTI-RANGER ANTI-STREGONE','La capacita\' di caricare di 2.\r\nModifica il peso di 1.\r\nModifica i punti movimento di -5.\r\nModifica il tiro al danno di 1.\r\nModifica l\'AC di 3.',100,'39','Attendente duergar',2,'2009-04-28 17:46:08',7,0,0,0,0,0,0,0,6),(376,'Una spada nanica',1,'2','1102','110',21,'Da 2 a 8 (media 5)','-','MAGICO ANTI-BUONO ANTI-DRUIDO ANTI-NECROMANTE ANTI-OSCURO ANTI-MONACO','Il tiro al danno di 1.',100,'39','Attendente duergar',2,'2009-04-28 17:49:37',14,0,0,0,0,0,0,0,1),(377,'Una frusta di cuoio2',1,'1','3062','306',35,'Da 3 a 9 (media 6)','-','ANTI-CATTIVO','Il tiro per colpire di 1.\r\nModifica grado di minaccia di 3.',100,'16','Guardia dal capitano',2,'2009-04-28 18:28:07',14,0,0,0,0,0,0,0,7),(378,'Una scimitarra di mithril',1,'3','810','81',18,'Da 2 a 8 (media 5)','-','MAGICO ANTI-BUONO ANTI-NEUTRALE ANTI-LADRO ANTI-GUERRIERO ANTI-DRUIDO ANTI-VAMPIRO ANTI-BARBARO ANTI-PALADINO\r\nANTI-RANGER ANTI-MONACO RESISTENTE\r\nMaggiora il danno solo contro la razza spettro','Il tiro al danno di 1.\r\nMaggiora il danno solo contro la razza spettro.',100,'15','Yuan-ti',2,'2009-04-30 13:40:57',14,0,0,0,0,0,0,0,1),(379,'Un orecchino nero d\'ossidiana',15,'0','562','56',15,'-','3','ANTI-BUONO ANTI-NEUTRALE ANTI-DRUIDO ANTI-PALADINO ANTI-RANGER','L\'AC di 4.\r\nModifica il regain dei pf di 3.\r\nModifica il mana di 7.',100,'15','Yuan-ti',38,'2009-04-30 16:10:25',16,0,0,0,0,0,0,0,6),(380,'Il corto manto della forza intangibile',15,'1','4887','488',35,'-','0','LUMINOSO MAGICO ANTI-MAGO ANTI-STREGONE CLASSE-UNIQUE','La resistenza al non magico di 7.\r\nModifica grado di minaccia di -1.',100,'44','Maestro Drow',2,'2009-05-05 16:02:47',22,0,0,0,0,0,0,0,6),(381,'Una scimitarra',1,'3','891','89',18,'Da 2 a 8 (media 5)','-','Nessuno','Il tiro al danno di 1.\r\nMaggiora il danno solo contro la razza pesce\r\nModifica il tiro per colpire di 1.',100,'79','Capitano Vincent',2,'2009-05-05 17:30:16',14,0,0,0,0,0,0,0,1),(382,'Una frusta di cuoio3',1,'1','768','76',16,'Da 1 a 6 (media 3)','-','FRAGILE','Il tiro per colpire di 1.\r\nModifica grado di minaccia di 3.',100,'79','Orco contrabbandiere',2,'2009-05-05 17:32:12',14,0,0,0,0,0,0,0,7),(383,'Una benda nera',15,'1','396','39',12,'-','0','Nessuno','L\'AC di 3.',100,'79','Capitano Vincent',2,'2009-05-05 17:41:39',19,0,0,0,0,0,0,0,6),(384,'Un corpetto di cuoio',16,'23','360','36',12,'-','3','Nessuno','L\'AC di 2.\r\nModifica i punti ferita di 3.',100,'79','Capitano Vincent',2,'2009-05-05 17:59:36',4,0,0,0,0,0,0,0,6),(385,'Una tunica nera',15,'1','2642','264',31,'-','0','ANTI-BUONO ANTI-NEUTRALE ANTI-LADRO ANTI-PSIONICO ANTI-OSCURO ANTI-PALADINO ANTI-MONACO','La costituzione di -2.\r\nModifica la saggezza di 1.\r\nModifica il regain del mana di 5.\r\nModifica la destrezza di 1.',100,'67','Giovane sacerdote, dentro la chiesa',2,'2009-09-08 01:15:00',4,0,0,0,0,0,0,0,6),(386,'Una tunica rossa',15,'1','2642','264',31,'-','0','ANTI-BARBARO ANTI-OSCURO ANTI-PALADINO ANTI-RANGER ANTI-MONACO','L\'intelligenza di 1.\r\nModifica lo spell fail di -2.\r\nModifica la destrezza di 1.\r\nModifica il regain del mana di 5.\r\nModifica l\'AC di 6.',100,'67','Devoto di siberne, dentro la chiesa',2,'2009-09-08 01:13:36',4,0,0,0,0,0,0,0,6),(387,'Un cappuccio ricamato',15,'1','1000','0',20,'-','0','ANTI-LADRO ANTI-GUERRIERO ANTI-VAMPIRO ANTI-BARBARO ANTI-OSCURO ANTI-PALADINO ANTI-RANGER ANTI-MONACO','Il regain del mana di 6.\r\nAumenta gli effetti dei tuoi incantesimi di cura di 2.',100,'31','Devoto di siberne, dentro la chiesa',2,'2009-05-08 20:24:07',5,0,0,0,0,0,0,0,6),(388,'Uno smeraldo',10,'0','340','34',10,'-','-','RONZANTE MAGICO\r\nAumenta i danni dei tuoi incantesimi d\\\'energia di 2.',null,100,'54','Bupu',2,'2009-05-09 12:35:31',15,0,0,0,0,0,0,0,6),(389,'La corazza elfica del lupo',17,'90','3060','306',30,'-','9','Nessuno','La costituzione di 1.\r\nModifica la destrezza di 1.\r\nModifica l\'AC di 3.',100,'44','Antimys',38,'2009-05-11 15:17:16',4,0,0,0,0,0,0,0,6),(390,'La spada corta di Cylania',1,'3','507','50',13,'Da 1 a 7 (media 4)','-','Nessuno','Il tiro al danno di 1.\r\nModifica il peso di 1.',100,'44','Cylania la driade',2,'2009-05-11 15:55:44',14,0,0,0,0,0,0,0,1),(391,'Un azzurro drappo candido',16,'4','507','50',13,'-','2','Nessuno','I punti movimento di 2.\r\nModifica il regain del movimenti di 2.\r\nModifica lo spell fail di -3.\r\nModifica l\'AC di 2.',100,'44','Cylania la driade',2,'2009-05-11 15:57:27',20,0,0,0,0,0,0,0,6),(392,'L\'orecchino di Cylania',15,'1','507','50',13,'-','0','Nessuno','La saggezza di 1.\r\nAumenta gli effetti dei tuoi incantesimi di cura di 2.\r\nModifica l\'AC di 1.',100,'44','Cylania la driade',2,'2009-05-11 16:30:02',16,0,0,0,0,0,0,0,6),(393,'La maschera della danzatrice',2,'4','507','50',13,'-','2','Nessuno','Il mana di 2.\r\nModifica il carisma di 1.\r\nModifica l\'AC di 2.',100,'44','Cylania la driade',2,'2009-05-11 18:54:28',19,0,0,0,0,0,0,0,6),(394,'Dei sandali incisi',17,'9','507','50',13,'-','4','Nessuno','Il tiro al danno di 1.\r\nModifica l\'altezza di 1.\r\nModifica l\'AC di 2.',100,'44','Cylania la driade',2,'2009-05-11 18:54:20',7,0,0,0,0,0,0,0,6),(395,'Una giacca di panno',15,'1','1433','143',21,'-','0','ANTI-LADRO ANTI-GUERRIERO ANTI-PSIONICO ANTI-MONACO ANTI-STREGONE','La forza di 1.\r\nModifica il mana di 5.\r\nModifica l\'AC di 3.\r\nAumenta i danni dei tuoi incantesimi di ghiaccio di 2.',100,'2','Guardia di corte, al piano superiore',2,'2009-05-18 12:48:55',4,0,0,0,0,0,0,0,6),(396,'Una robusta frusta',1,'1','2004','200',27,'Da 4 a 8 (media 6)','-','ANTI-MAGO ANTI-CHIERICO ANTI-BARBARO ANTI-NECROMANTE ANTI-MONACO\r\nMaggiora il danno solo contro la razza rettile','Il tiro al danno di 3.\r\nMaggiora il danno solo contro la razza rettile.',100,'2','Guardia di corte, al piano superiore',2,'2009-05-18 12:50:13',14,0,0,0,0,0,0,0,7),(397,'Un\'elmo arrugginito',2,'2','3062','306',35,'-','4','LUMINOSO MAGICO','Il tiro al danno di 2.',100,'5','Per terra nella room \"I fondali del lago\"',2,'2009-06-06 18:03:59',5,0,0,0,0,0,0,0,6),(398,'Un affilato pugnale dorato',1,'5','6555','655',41,'Da 4 a 8 (media 6)','-','MAGICO ANTI-LADRO CLASSE-UNIQUE','Il tiro al danno di 1.\r\nModifica il tiro per colpire di 2.\r\nModifica grado di minaccia di -1.',100,'5','Per terra nella room \"I fondali del lago\"',2,'2009-06-06 18:07:50',14,0,0,0,0,0,0,0,3),(399,'Una collana di perle nere',4,'0','4202','0',41,'-','-','MAGICO FRAGILE','La fortuna di 1.\r\nModifica la saggezza di 1.\r\nModifica grado di minaccia di -2.\r\nModifica lo spell fail di -2.',100,'5','Elfo Scuro',48,'2009-06-08 13:57:08',3,0,0,0,0,0,0,0,6),(400,'Una scheggia di ossidiana',1,'5','5043','0',41,'Da 2 a 12 (media 7)','-','ANTI-LADRO CLASSE-UNIQUE','Il tiro al danno di 3.',100,'2','Mostro di fango',48,'2009-06-08 13:53:35',14,0,0,0,0,0,0,0,3),(401,'Una maschera di pietra',2,'4','2402','240',1,'-','3','RESISTENTE','Il regain dei pf di 2.\r\nModifica il mana di 2.\r\nModifica l\'AC di 6.',100,'57','Premio punti missione',2,'2009-06-10 22:38:22',19,0,0,0,0,0,0,0,6),(402,'Un paio di gambali in mithril',2,'18','302','30',11,'-','4','MAGICO BENEDETTO ANTI-CATTIVO ANTI-MAGO ANTI-VAMPIRO RESISTENTE','La capacita\' di caricare di 10.\r\nModifica l\'AC di 3.',100,'41','Asmil, la figlia del fabbro',2,'2009-06-19 19:52:37',6,0,0,0,0,0,0,0,6),(403,'Una corona di mithril',16,'2','332','33',11,'-','3','MAGICO ANTI-CATTIVO ANTI-MAGO ANTI-LADRO ANTI-VAMPIRO RESISTENTE\r\nAumenta la difficolta\\\' di resistere ai tuoi incantesimi di 1.',null,100,'41','Asmil, la figlia del fabbro',2,'2009-06-19 19:54:28',5,0,0,0,0,0,0,0,6),(404,'Un bracciale d\'argento',4,'0','302','33',11,'-','-','BENEDETTO ANTI-CATTIVO ANTI-MAGO ANTI-LADRO ANTI-VAMPIRO','Il mana di 3.\r\nModifica il regain del mana di 1.',100,'41','Asmil, la figlia del fabbro',2,'2009-06-19 19:55:26',13,0,0,0,0,0,0,0,6),(405,'Una catenina di mithril',4,'0','302','30',11,'-','-','BENEDETTO ANTI-CATTIVO ANTI-MAGO ANTI-LADRO ANTI-VAMPIRO\r\nAumenta la difficolta\\\' di resistere ai tuoi incantesimi di 1.','Lo spell fail di -3.',100,'41','Asmil, la figlia del fabbro',2,'2009-06-19 19:56:13',3,0,0,0,0,0,0,0,6),(406,'Un martello',1,'3','1102','110',21,'Da 2 a 8 (media 5)','-','ANTI-CATTIVO RESISTENTE','Il tiro al danno di 1.',100,'41','Gund il fabbro',2,'2009-06-19 20:02:58',14,0,0,0,0,0,0,0,2),(407,'Uno spesso grembiule di cuoio',15,'1','722','72',17,'-','0','ANTI-CATTIVO','L\'AC di 4.',100,'41','Gund il fabbro',2,'2009-06-19 20:04:15',12,0,0,0,0,0,0,0,6),(408,'Un grosso rubino 2',10,'0','3267','326',31,'-','-','Nessuno','La forza di 1.\r\nModifica la fortuna di 1.\r\nModifica il tiro per colpire di 1.\r\nModifica il regain del mana di 1.\r\nAumenta i danni dei tuoi incantesimi di ghiaccio di 2.',100,'84','Enorme ragno rosso (bozzolo di ragno)',2,'2009-06-19 20:48:17',1,0,0,0,0,0,0,0,6),(409,'Una benda bianca',15,'1','5292','529',42,'-','0','MAGICO ANTI-MONACO CLASSE-UNIQUE FRAGILE','L\'AC di 6.\r\nModifica il tiro per colpire di 1.\r\nModifica il tiro al danno di 1.\r\nModifica la resistenza al divino di 3.',100,'32','Mudrar il necromante',38,'2010-04-13 16:41:25',9,0,0,0,0,0,0,0,6),(410,'Un lungo pugnale d\'argento',1,'5','4202','420',41,'Da 2 a 8 (media 5)','-','LUMINOSO RONZANTE INVISIBILE MAGICO','Il tiro al danno di 1.\r\nlo spell fail di -2.\r\nAggiunge al danno un bonus da energia, pari a 1d3.\r\nil tiro per colpire di 1.',100,'32','Moilek',2,'2010-11-13 15:18:45',23,0,0,0,0,0,0,0,3),(411,'Un paio di guardiabraccia a scaglie d\'oro',2,'9','A s63','546',41,'-','6','ANTI-MAGO ANTI-CHIERICO ANTI-DRUIDO ANTI-VAMPIRO ANTI-PSIONICO ANTI-NECROMANTE ANTI-OSCURO ANTI-PALADINO ANTI-RANGER\r\nANTI-MONACO ANTI-STREGONE RESISTENTE ANTI-DONNA','Il tiro al danno di 1.\r\nModifica il tiro per colpire di 1.\r\nModifica i punti ferita di 3.\r\nModifica la resistenza al fuoco di 1.\r\nModifica l\'eta\' di -1.',100,'39','Luogotenente',2,'2009-07-01 17:36:36',9,0,0,0,0,0,0,0,6),(412,'Un arco nero',1,'0','1799','179',21,'Da 2 a 8 (media 5)','-','ANTI-RANGER CLASSE-UNIQUE','Il tiro per colpire di 1.\r\nModifica il tiro al danno di 1.',100,'31','Arciere, torretta est',2,'2009-07-01 18:47:06',14,0,0,0,0,0,0,0,8),(413,'Un arco bianco',1,'0','1799','179',21,'Da 2 a 8 (media 5)','-','ANTI-RANGER CLASSE-UNIQUE','Il tiro per colpire di 2.',100,'31','Arciere, torretta ovest',2,'2009-07-01 18:48:15',14,0,0,0,0,0,0,0,8),(414,'La scintillante Gremilinar [NON RENTABILE]',1,'3','4202','420',41,'Da 3 a 12 (media 7)','-','MAGICO ANTI-MAGO ANTI-LADRO ANTI-CHIERICO ANTI-DRUIDO ANTI-BARBARO ANTI-NECROMANTE ANTI-RANGER ANTI-STREGONE RESISTENTE','Il tiro al danno di 3.\r\nModifica il tiro per colpire di 3.',100,'58','Biwyn',2,'2009-07-01 21:48:27',14,0,0,0,0,0,0,0,1),(415,'Una cintura dalla fibbia dorata',16,'2','1212','121',21,'-','1','ANTI-DRUIDO ANTI-PSIONICO ANTI-NECROMANTE ANTI-STREGONE','La destrezza di 1.\r\nModifica i punti ferita di 3.\r\nModifica il peso di 1.',100,'39','Istruttore',2,'2009-07-01 21:32:05',12,0,0,0,0,0,0,0,6),(416,'Il medaglione del Sole',4,'4','4622','462',41,'-','-','LUMINOSO MAGICO BENEDETTO ANTI-BUONO ANTI-CATTIVO','Lo spell fail di -17.\r\nModifica la saggezza di 1.\r\nModifica il mana di 3.',100,'20','Tasgrath il druido',2,'2009-07-02 13:01:29',3,0,0,0,0,0,0,0,6),(417,'Un gatto a nove code',1,'1','5043','504',41,'Da 2 a 10 (media 6)','-','ANTI-CATTIVO ANTI-NEUTRALE ANTI-MAGO ANTI-LADRO ANTI-DRUIDO ANTI-VAMPIRO ANTI-BARBARO ANTI-PSIONICO ANTI-MONACO\r\nANTI-STREGONE.\r\nNon posabile.','Il tiro al danno di 5.\r\nMaggiora il danno solo contro la razza diavolo',100,'84','Braholt l\'accolito',2,'2009-07-12 15:25:29',14,0,0,0,0,0,0,0,7),(418,'Una elaborata cintura di bronzo',2,'4','4998','499',35,'-','2','ANTI-CATTIVO ANTI-NEUTRALE ANTI-PALADINO CLASSE-UNIQUE','La forza di 1.\r\nModifica la destrezza di 1.\r\nModifica i punti ferita di 3.\r\nModifica l\'eta\' di -1.\r\nModifica l\'AC di 5.\r\nModifica la resistenza al fuoco di 1.',100,'84','Braholt l\'accolito',2,'2009-07-02 15:08:20',12,0,0,0,0,0,0,0,6),(419,'Un proteggifronte di ferro',2,'4','5062','506',45,'-','4','Nessuno','Il tiro al danno di 2.\r\nModifica il regain dei pf di 3.\r\nModifica la resistenza all\'energia di 1.',100,'32','Joral l\'incatenato',2,'2009-07-09 22:26:00',5,0,0,0,0,0,0,0,6),(420,'Un elmo di cuoio2',16,'2','250','25',10,'-','3','Nessuno','Il regain dei pf di 2.\r\nModifica l\'AC di 2.',100,'44','Gnoll',2,'2009-09-05 00:29:05',5,0,0,0,0,0,0,0,6),(421,'Un corpetto di pelle',16,'22','250','25',10,'-','2','Nessuno','Il regain dei pf di 3.\r\nModifica l\'AC di 2.',100,'44','Gnoll',2,'2009-09-05 00:30:26',4,0,0,0,0,0,0,0,6),(422,'Un\'alabarda lunga',1,'3','250','25',10,'Da 2 a 6 (media 4)','-','RESISTENTE','Il tiro al danno di 1.',100,'44','Gnoll',2,'2009-09-05 00:33:25',23,0,0,0,0,0,0,0,2),(423,'Uno scudo di legno',16,'27','250','25',10,'-','8','Nessuno','L\'AC di 2.\r\nModifica il tiro al danno di 1.',100,'44','Gnoll',2,'2009-09-05 00:36:07',10,0,0,0,0,0,0,0,6),(424,'Una pergamena eterea',14,'0','302','0',11,'-','-','FRAGILE.\r\nPuo\' effettuare a livello 31 le seguenti magie:.\r\n - \'volo\'.\r\n - \'ristora\'.\r\n - \'cura serie\'.',null,100,'27','Venditrice Elisir',2,'2010-11-05 01:20:12',21,0,0,0,0,0,0,0,6),(425,'Guanti da lavoro',16,'2','250','25',10,'-','2','FRAGILE','L\'AC di 2.',100,'50','Addetto al magazzino',2,'2009-09-07 00:18:07',4,0,0,0,0,0,0,0,6),(426,'Una spada corta di acciaio',1,'5','562','56',15,'Da 1 a 6 (media 3)','-','RONZANTE MAGICO RESISTENTE','Lo spell fail di 5.\r\nModifica il tiro per colpire di 1.',100,'50','Guardia',2,'2009-09-07 00:20:32',14,0,0,0,0,0,0,0,1),(427,'Un\'armatura di spesso cuoio',16,'2','562','56',15,'-','3','Nessuno','L\'AC di 3.\r\nModifica i punti ferita di 1.',100,'50','Guardia',2,'2009-09-07 00:22:22',4,0,0,0,0,0,0,0,6),(428,'Uno zaffiro',4,'0','302','30',11,'-','-','MAGICO NON-POSABILE ANTI-VAMPIRO','Il regain del mana di 2.',100,'25','Sul fondale del lago, insieme all\'anemone',2,'2009-09-10 02:05:18',15,0,0,0,0,0,0,0,6),(429,'Una maschera con un ghigno pauroso',2,'6','1100','110.',20,'-','-','Nessuno','Grado di minaccia di 2.\r\nModifica l\'AC di 6.',100,'85','Horka il marinaio',2,'2009-09-11 19:29:05',19,0,0,0,0,0,0,0,6),(430,'Una maschera rosso fuoco',15,'1','1718','171',25,null,'0','ANTI-LADRO ANTI-PSIONICO ANTI-PALADINO ANTI-MONACO ANTI-STREGONE','Modifica l\'AC di 2.\r\nAumenta i danni dei tuoi incantesimi di fuoco di 5.\r\nModifica il mana di 5.',100,'57',null,40,'2009-09-11 22:14:57',19,0,0,0,0,0,0,0,6),(431,'Dei guanti artigliati',15,'1','453','45',11,'-','0','ANTI-MONACO CLASSE-UNIQUE','Il tiro al danno di 1.\r\nModifica grado di minaccia di 3.',100,'53','Nord dopo la viverna nera',2,'2009-09-12 18:39:48',8,0,0,0,0,0,0,0,6),(432,'Una lancia',1,'1','332','0',11,'Da 2 a 4 (media 3), ed e\\\' avvelenato','-','AVVELENATO ANTI-VAMPIRO ANTI-NECROMANTE ANTI-OSCURO','Il tiro al danno di 1.\r\nModifica grado di minaccia di 2.',100,'31','Acquistata da Lukes',2,'2009-09-14 00:57:26',14,0,0,0,0,0,0,0,3),(434,'Alto collare di giada',15,'1','4073','0',35,'-','-','LUMINOSO MAGICO BENEDETTO RESISTENTE','La saggezza di 2.\r\nAumenta la difficolta\' di resistere ai tuoi incantesimi di 1.\r\nModifica l\'AC di 5.',100,'44','Maestro Drow',47,'2009-09-16 14:35:59',3,0,0,0,0,0,0,0,6),(435,'Un\'enorme alabarda adamantina',1,'5','3591','359',30,'Da 2 a 12 (media 7)','-','ANTI-GUERRIERO ANTI-DRUIDO ANTI-BARBARO ANTI-OSCURO ANTI-PALADINO ANTI-RANGER CLASSE-UNIQUE','Il tiro per colpire di 1.\r\nModifica il tiro al danno di 1.\r\nModifica grado di minaccia di 3.\r\nModifica lo spell fail di -2.',100,'44','Agrimahn',47,'2009-09-17 11:28:41',14,0,0,0,0,0,0,0,2),(436,'Il girocollo dell\'incantesimo inarrestabile',4,'1','2992','299',30,'-','-','MAGICO BENEDETTO','Il mana di 2.\r\nModifica la saggezza di 1.\r\nModifica grado di minaccia di -1.\r\nAumenta la difficolta\' di resistere ai tuoi incantesimi di 4.',100,'44','Agrimahn',47,'2009-09-17 11:29:26',3,0,0,0,0,0,0,0,6),(437,'Le lunghe vesti della forza intangibile',15,'1','4887','488',35,'-','0','LUMINOSO MAGICO ANTI-MAGO ANTI-STREGONE CLASSE-UNIQUE','La resistenza al non magico di 7.\r\nModifica grado di minaccia di -1.',100,'44','Maestro Drow',47,'2009-09-17 11:40:56',4,0,0,0,0,0,0,0,6),(438,'La cintura dei movimenti arcani',16,'2','4073','0',35,'-','-','Nessuno','La forza di 1.\r\nModifica la destrezza di 1.\r\nModifica il regain dei pf di 2.\r\nModifica grado di minaccia di 3.\r\nModifica il regain del movimenti di 2.\r\nModifica l\'AC di 7.',100,'44','Maestro Drow',47,'2009-09-17 18:03:39',12,0,0,0,0,0,0,0,6),(440,'Un elmo dorato con ali',2,'4','62','6',5,'-','3','RESISTENTE','Il regain dei pf di 1.\r\nModifica l\'AC di 1.',100,'54','Guerriero ad ovest di otik',2,'2010-01-30 15:22:18',5,0,0,0,0,0,0,0,6),(441,'Una spada lunga',1,'3','62','6',5,'Da 1 a 5 (media 3)','-','RESISTENTE',null,100,'54','Guerriero ad ovest di Otik',2,'2010-01-30 15:23:48',14,0,0,0,0,0,0,0,1),(442,'Una collana di corallo nero',4,'0','68','6',5,'-','-','FRAGILE','Il mana di 5.',100,'61','Troll',2,'2010-02-02 23:19:20',3,0,0,0,0,0,0,0,6),(443,'Delle brache marroni',15,'1','62','0',5,'-','0','Nessuno','L\'AC di 1.',100,'21','Elfa',38,'2010-02-05 17:03:52',6,0,0,0,0,0,0,0,6),(444,'Una veste color acquamarina',15,'1','768','76',16,'-','0','ANTI-CATTIVO ANTI-CHIERICO CLASSE-UNIQUE FRAGILE','La forza di 1.\r\nModifica lo spell fail di -1.\r\nModifica l\'AC di 4.',100,'3','Ninfa a nord',38,'2010-02-05 21:18:24',4,0,0,0,0,0,0,0,6),(445,'Una spada d\'argento',1,'4','205','27',9,'Da 2 a 6 (media 4)','-','Nessuno','Il tiro al danno di 1.',100,'24','Perif',2,'2010-02-07 17:10:02',23,0,0,0,0,0,0,0,1),(446,'Una blusa di pelo di pecora',15,'2','62','0',5,'-','0','Nessuno','L\'AC di 1.',100,'57',null,2,'2010-02-07 03:42:29',4,0,0,0,0,0,0,0,6),(447,'Un manganello',1,'3','302','30',11,'Da 2 a 6 (media 4)','-','Nessuno',null,100,'41','Acquistato dal mercante d\'armi',2,'2010-02-07 17:30:53',14,0,0,0,0,0,0,0,2),(448,'Una mazza chiodata',1,'4','160','16',8,'Da 1 a 5 (media 3)','-','RESISTENTE',null,100,'41','Acquistato dal mercante d\'armi',2,'2010-02-07 17:32:10',14,0,0,0,0,0,0,0,2),(449,'Un bastone di legno',1,'3','302','30',11,'Da 1 a 6 (media 3)','-','Nessuno',null,100,'41','Acquistato dal mercante d\'armi',2,'2010-02-07 17:33:46',14,0,0,0,0,0,0,0,2),(450,'Un talismano di giada a forma di quadrifoglio',4,'0','250','25',10,'-','-','FRAGILE','La fortuna di 1.',102,'50','Ricettatore',38,'2010-02-08 11:44:34',3,0,0,0,0,0,0,0,6),(451,'Una veste color avorio',15,'1','1360','136',18,'-','0','MAGICO ANTI-CATTIVO ANTI-CHIERICO CLASSE-UNIQUE FRAGILE','La resistenza alle armi da taglio di 2.\r\nModifica l\'AC di 1.\r\nModifica la costituzione di 1.',100,'3','Ninfa Alta',38,'2010-02-09 11:24:17',4,0,0,0,0,0,0,0,6),(452,'Dei guanti di cuoio',16,'2','562','56',15,'-','2','ANTI-CHIERICO','La forza di 1.\r\nModifica il mana di 3.\r\nModifica lo spell fail di 3.',100,'31','Guardia all\'ingresso dell\'accampamento',38,'2010-02-09 14:57:35',8,0,0,0,0,0,0,0,6),(453,'Una giubba di cuoio',16,'22','1000','100',20,'-','2','ANTI-PSIONICO ANTI-NECROMANTE ANTI-OSCURO ANTI-PALADINO ANTI-MONACO ANTI-STREGONE','Il regain dei pf di 5.\r\nModifica l\'AC di 4.',100,'31','Guardia all\'ingresso dell\'accampamento',38,'2010-02-09 14:59:25',4,0,0,0,0,0,0,0,6),(454,'Una sfera di ragnatela',10,'0','202','20',9,'-','-','FRAGILE','-',100,'30','Formica di guardia',2,'2010-02-09 17:11:47',15,0,0,0,0,0,0,0,6),(455,'Una spada di bronzo',1,'3','250','25',10,'Da 2 a 6 (media 4)','-','Nessuno','Grado di minaccia di 3.',100,'30','Formica di guardia',2,'2010-02-09 17:13:28',14,0,0,0,0,0,0,0,1),(456,'Un bastone lavorato',1,'3','360','36',12,'Da 2 a 6 (media 4)','-','ANTI-BUONO ANTI-NEUTRALE ANTI-CHIERICO ANTI-DRUIDO ANTI-RANGER ANTI-MONACO FRAGILE','Il tiro al danno di 1.\r\nModifica lo spell fail di -1.',100,'30','Formica di guardia',2,'2010-02-09 17:14:41',14,0,0,0,0,0,0,0,2),(457,'Una spada ormai corrosa',1,'3','640','64',16,'Da 1 a 7 (media 4)','-','NON-RIMUOVIBILE deathrot','La forza di -5.\r\nModifica il tiro al danno di 1.\r\nTi da la proprieta\' di essere maledetto',100,'21','Sul fondo della torre dove ci sono i roc',2,'2010-02-10 15:14:42',14,0,0,0,0,0,0,0,1),(458,'I Gambali del Cammino',16,'2','998','99',16,'-','0','ANTI-CATTIVO ANTI-NEUTRALE ANTI-PALADINO CLASSE-UNIQUE FRAGILE','Il regain del movimenti di 3.\r\nModifica i punti movimento di 6.',100,'21','Sul fondo della torre dove ci sono i roc',2,'2010-02-10 15:17:30',6,0,0,0,0,0,0,0,6),(459,'Un cappello di paglia',15,'1','9','90',6,null,null,'Fragile','Modifica l\'AC di 1.\r\nModifica la resistenza alle ombre di 1.',100,'82','Pastore',38,'2010-02-11 19:39:31',5,0,0,0,0,0,0,0,6),(460,'Un vestito blu di cotone',15,'1','160','16',8,null,'0',null,'Modifica la resistenza al magico di 1.',100,'82','Donna',38,'2010-02-11 19:39:03',4,0,0,0,0,0,0,0,6),(461,'Un coltello affilato',1,'1','360','36',12,'Da 1 a 5 (media 3)','-','MAGICO BENEDETTO ANTI-MAGO ANTI-CHIERICO ANTI-DRUIDO ANTI-BARBARO ANTI-PSIONICO ANTI-NECROMANTE ANTI-PALADINO ANTI-RANGER ANTI-MONACO ANTI-STREGONE','Modifica la capacita\' di pugnalare di 2. Modifica il peso di 1. Modifica l\'eta\' di -1.',100,'45','Nano curatore',2,'2010-02-14 02:04:21',14,0,0,0,0,0,0,0,3),(463,'Una lunga cappa',15,'1','562','56',0,'-','0','ANTI-CATTIVO','La capacita\' di disarmare di 2.\r\nModifica la destrezza di 1.\r\nModifica il regain dei pf di 1.',100,'39','Acquistata dal gabelliere (non sono sicuro sullo slot)',2,'2010-02-16 00:36:57',4,0,0,0,0,0,0,0,6),(464,'Una canna da pesca',5,'0','2125','212',25,'-','-','MAGICO','L\'intelligenza di 1.\r\nModifica la saggezza di 1.\r\nModifica il regain del mana di 2.\r\nModifica grado di minaccia di -2.\r\nAumenta i danni dei tuoi incantesimi di ghiaccio di 1.',100,'39','Piovra all\'ingresso di gundabad',2,'2010-04-02 22:12:02',15,0,0,0,0,0,0,0,6),(465,'Un mantello consumato',15,'4','1102','0',21,'-','0','MAGICO','L\'AC di 5.\r\nModifica grado di minaccia di -2.',100,'16','Pellegrino',2,'2010-02-16 22:39:52',22,0,0,0,0,0,0,0,6),(466,'Una frusta 2',1,'2','E 300','0',12,'Da 1 a 5 (media 3)','-','ANTI-MAGO ANTI-CHIERICO ANTI-DRUIDO ANTI-RANGER ANTI-MONACO ANTI-STREGONE FRAGILE','Il tiro per colpire di 1.\r\nModifica grado di minaccia di 2.',100,'30','Guardiano delle formiche',2,'2010-02-18 12:47:15',14,0,0,0,0,0,0,0,7),(467,'I guardiaspalle del cavaliere decaduto',17,'18','3500','351',30,'-','4','ANTI-OSCURO CLASSE-UNIQUE','La resistenza al divino di 4.\r\nModifica il tiro al danno di 1.',100,'44','Gnoll Oscuro',2,'2010-02-20 20:23:04',9,0,0,0,0,0,0,0,6),(468,'I gambali di piastre del cavaliere decaduto',17,'36','3500','351',30,'-','6','ANTI-OSCURO CLASSE-UNIQUE','La resistenza al divino di 4.\r\nModifica la destrezza di 1.',100,'44','Gnoll Oscuro',2,'2010-02-20 17:22:38',6,0,0,0,0,0,0,0,6),(469,'Un\'armatura di mithril',17,'93','4105','416',35,'-','10','MAGICO BENEDETTO ANTI-CATTIVO RESISTENTE','La resistenza alle armi da punta di 4.\r\nModifica l\'AC di 4.',100,'16','Capitano delle guardie',2,'2010-02-23 14:23:17',4,0,0,0,0,0,0,0,6),(470,'Un paio di guardiabraccia di mithril',17,'18','4105','416',35,'-','9','MAGICO BENEDETTO ANTI-CATTIVO RESISTENTE','L\'AC di 3.\r\nModifica il tiro al danno di 1.\r\nModifica la resistenza alle armi da punta di 3.',100,'16','Capitano delle guardie',2,'2010-02-24 00:36:33',9,0,0,0,0,0,0,0,6),(471,'Una spada arrugginita 2',1,'4','2001','0',25,'Da 2 a 8 (media 5)','-','ANTI-MAGO ANTI-CHIERICO ANTI-DRUIDO ANTI-PSIONICO ANTI-PALADINO ANTI-STREGONE ---                            Casta random in combat Cura Serie','Il tiro per colpire di 2.',100,'18','Scheletro campione',53,'2011-01-04 02:04:57',14,0,0,0,0,0,0,0,1),(472,'Armatura bronzo',2,'46','176','17',8,null,'3','RESISTENTE','Modifica l\'AC di 2.',100,'46','Per terra in stanza segreta',38,'2010-02-24 19:14:05',4,0,0,0,0,0,0,0,6),(473,'Una veste di lino nero',15,'3','4400','440',40,'-','0','MAGICO ANTI-CATTIVO FRAGILE','La resistenza all\'energia di 5.\r\nModifica l\'AC di 4.\r\nModifica grado di minaccia di -1.',100,'3','Medea',2,'2010-02-25 11:54:15',4,0,0,0,0,0,0,0,6),(474,'Un\'osso rituale',5,'0','2402','0',31,'-','-','FRAGILE','Ha 6(5) cariche di livello 54 delle seguenti magie:\r\n - \'fireshield\'',100,'2','Uomo salamandra di fuoco',2,'2010-02-25 14:28:45',15,0,0,0,0,0,0,0,6),(475,'Un guanto d\'arme',16,'2','1708','171',25,'-','0','ANTI-MAGO ANTI-BARBARO ANTI-PSIONICO ANTI-NECROMANTE ANTI-RANGER ANTI-MONACO ANTI-STREGONE','La forza di 1.\r\nModifica la destrezza di 1.\r\nModifica i punti ferita di 1.\r\nModifica l\'AC di 4.',100,'39','Attendente dei duergar',2,'2010-02-25 19:49:51',8,0,0,0,0,0,0,0,6),(476,'Una sfera di cristallo',10,'0','E 102','12',7,'-','-','MAGICO FRAGILE.\r\nSi esaurisce','Il regain del mana di 2.\r\nModifica grado di minaccia di -2.',100,'36','Sibilla',2,'2010-02-25 22:52:07',15,0,0,0,0,0,0,0,6),(477,'Un teschio cavo [SISTEMARE]',6,'1','02','2',3,'-','-','ETERNO.\r\nPuo\' effettuare a livello 31 le seguenti magie: \r\n - \'immunita al veleno\'.\r\n - \'cura critiche\'.',null,100,'36','Brigante',2,'2010-02-25 22:53:45',21,0,0,0,0,0,0,0,6),(478,'Un pugnale d\'argento',1,'1','07','2',3,'Da 1 a 2 (media 1)','-','MAGICO ANTI-LADRO CLASSE-UNIQUE','Grado di minaccia di -1.',100,'36','Giovane ladro',2,'2010-02-25 22:54:40',14,0,0,0,0,0,0,0,3),(479,'Una spada corta 2',1,'3','02','2',3,'Da 1 a 4 (media 2)','-','Nessuno',null,100,'57',null,2,'2010-02-25 22:55:41',14,0,0,0,0,0,0,0,1),(480,'Un pugnale',1,'1','02','2',3,'Da 1 a 2 (media 1)','-','ANTI-CHIERICO ANTI-MONACO',null,100,'36','Brigante',2,'2010-02-25 22:56:50',14,0,0,0,0,0,0,0,3),(481,'Un mantello pesante',16,'4','02','2',0,'-','1','Nessuno',null,100,'36','Brigante',2,'2010-02-25 22:58:07',22,0,0,0,0,0,0,0,6),(482,'Una giacca di pelle',16,'22','02','2',0,'-','2','Nessuno',null,100,'36','Brigante',2,'2010-02-25 23:00:06',4,0,0,0,0,0,0,0,6),(483,'Uno scudo di legno e pelli',16,'27','02','2',0,'-','6','ANTI-MAGO ANTI-VAMPIRO ANTI-STREGONE',null,100,'36','Brigante',2,'2010-04-03 19:10:54',10,0,0,0,0,0,0,0,6),(484,'Una frusta 3',1,'1','00','4',4,'Da 1 a 3 (media 2)','-','ANTI-MAGO ANTI-LADRO ANTI-CHIERICO ANTI-VAMPIRO ANTI-MONACO ANTI-STREGONE',null,100,'57',null,2,'2010-02-25 23:17:52',14,0,0,0,0,0,0,0,7),(485,'Un elmo di cuoio 2',16,'2','02','2',0,'-','2','Nessuno',null,100,'57',null,2,'2010-02-25 23:18:47',4,0,0,0,0,0,0,0,6),(486,'Una veste di lana grezza',15,'1','00','4',0,'-','0','ANTI-BUONO ANTI-CATTIVO','I punti ferita di 1.',100,'36','Isaac il druido',2,'2010-02-25 23:20:58',4,0,0,0,0,0,0,0,6),(487,'Una cintura di corda',15,'1','00','4',0,'-','0','ANTI-BUONO ANTI-CATTIVO','I punti ferita di 1.',100,'36','Isaac il druido',2,'2010-02-25 23:21:40',4,0,0,0,0,0,0,0,6),(488,'Un\'ampollina verde [SISTEMARE]',6,'0','00','4',4,'-','-','ANTI-VAMPIRO ETERNO','Puo\' effettuare a livello 16 le seguenti magie: .\r\n - \'cura leggere\'.\r\n - \'nuovo vigore\'.',100,'57','Per terra da Isaac il druido',2,'2010-02-25 23:24:06',21,0,0,0,0,0,0,0,6),(489,'Un falcetto',1,'3','02','5',4,'Da 1 a 3 (media 2)','-','ANTI-CATTIVO RESISTENTE','Il tiro al danno di 1.',100,'36','Per terra da Isaac il druido',2,'2010-02-25 23:27:37',14,0,0,0,0,0,0,0,1),(490,'Le vestigia del cavaliere decaduto',17,'90','3500','351',30,'-','7','ANTI-OSCURO CLASSE-UNIQUE','La resistenza al divino di 4.\r\nModifica l\'AC di 6.',100,'44','Gnoll Oscuro',2,'2010-02-27 15:45:45',4,0,0,0,0,0,0,0,6),(491,'Un clessidra di cristallo',18,'0','3402','342',37,'-','-','MAGICO ETERNO FRAGILE','L\'eta\' di -7.\r\nModifica la fortuna di 1.\r\nModifica il regain del mana di 2.\r\nModifica bonus agli incantesimi mentali di 2.',100,'18','Nella stanzetta nascosta prima del guardiano, sotto l\'anello',2,'2010-02-28 02:22:39',15,0,0,0,0,0,0,0,6),(492,'Un\'anello d\'argento',4,'0','7107','719',42,'-','-','MAGICO ANTI-MAGO CLASSE-UNIQUE','Il regain del mana di 4.\r\nModifica la resistenza all\'energia di 4.\r\nModifica il carisma di 1.',100,'27','Mostro deforme',2,'2010-02-28 16:13:54',2,0,0,0,0,0,0,0,6),(493,'Una corazza di ferro',17,'2','3207','326',0,'-','5','Nessuno','L\'AC di 3.\r\nModifica il regain dei pf di 2.',100,'27','Mostro deforme',2,'2010-02-28 16:14:56',4,0,0,0,0,0,0,0,6),(494,'Un\'armatura d\'avorio',17,'3','5705','571',41,'-','9','ANTI-BUONO ANTI-LADRO ANTI-CHIERICO ANTI-DRUIDO ANTI-BARBARO ANTI-PALADINO ANTI-MONACO','Lo spell fail di 3.\r\nModifica il regain dei pf di 2.\r\nModifica la forza di 1.\r\nModifica la costituzione di 1.',100,'27','Scheletro guerriero',2,'2010-02-28 16:18:46',4,0,0,0,0,0,0,0,6),(495,'Una tenda amaranto',15,'3','01','0',0,'-','0','Nessuno','Il regain del mana di 1.',100,'18','Scheletro campione',2,'2010-02-28 16:33:02',4,0,0,0,0,0,0,0,6),(496,'Uno scudo di ceramica',16,'27','6805','688',45,'-','5','MAGICO ANTI-NEUTRALE ANTI-DRUIDO ANTI-RANGER FRAGILE','La resistenza all\'elettricita\' di 7.\r\nModifica l\'AC di 6.',100,'18','Nello corpo nella stanza ad est prima del custode',2,'2010-02-28 18:47:49',10,0,0,0,0,0,0,0,6),(497,'Un giustacuore di ferro',2,'1','3207','326',31,'-','5','Nessuno','La resistenza alle armi da punta di 3.\r\nModifica il regain dei pf di 1.',100,'27','Comandante degli armigeri',2,'2010-03-01 00:12:36',4,0,0,0,0,0,0,0,6),(498,'Un enorme scudo ovale',2,'4','5292','529',42,'-','7','ANTI-BARBARO CLASSE-UNIQUE','Modifica la resistenza all\'energia di 4.\r\nModifica l\'AC di 8.',100,'27','Gigante Guardiano',2,'2010-11-05 02:31:29',10,0,0,0,0,0,0,0,6),(499,'Un affilato pugnale',1,'6','5043','504',41,'Da 4 a 8 (media 6)','-','LUMINOSO MAGICO ANTI-LADRO CLASSE-UNIQUE','Modifica il tiro al danno di 1.\r\nModifica il tiro per colpire di 1.\r\nModifica grado di minaccia di -2.',100,'5','Elfo scuro',2,'2010-03-01 23:52:50',14,0,0,0,0,0,0,0,3),(500,'Un\' urna funebre',18,'4','2402','0',31,'-','-','ETERNO','E\' l\'urna che server per aprire da narshadda sotto il santuario.',100,'30','Nel sarcofago in alto al capo dei secolari alberi guardiani',2,'2010-03-01 23:33:35',21,0,0,0,0,0,0,0,6),(501,'Un bracciale di perle nere',15,'1','6501','0',45,'-','0','MAGICO ANTI-GUERRIERO ANTI-DRUIDO ANTI-BARBARO ANTI-PALADINO ANTI-RANGER FRAGILE','Lo spell fail di -2.\r\nModifica il mana di 9.\r\nModifica il regain del mana di 10.\r\nModifica il tiro per colpire di 1.',100,'30','Nel sarcofago in alto al capo dei secolari alberi guardiani',2,'2010-03-01 23:46:55',13,0,0,0,0,0,0,0,6),(502,'Un paio di stivali di pelle',16,'2','3814','0',34,'-','0','Proprieta\' speciali: ANTI-GUERRIERO CLASSE-UNIQUE FRAGILE','Modifica i punti ferita di 3.\r\nModifica il tiro per colpire di 1.\r\nModifica il tiro al danno di 1.\r\nModifica la resistenza all\'energia di 1.',100,'10','Grossa Guardia',2,'2010-03-02 21:10:07',7,0,0,0,0,0,0,0,6),(626,'Delle cavigliere tempestate di diamanti',2,'18','4202','0',41,'-','10','nessuno','la destrezza di 1.\r\nla resistenza al magico di 1.\r\ngrado di minaccia di 3',100,'19','Agdar',2,'2010-12-14 17:03:16',6,0,0,0,0,0,0,0,6),(627,'L\'armatura gotica dell\'antico re',17,'4','4202','0',0,'-','11','MAGICO RESISTENTE','sconosciuto di 2.\r\nil regain dei pf di 4.\r\nl\'AC di 3.\r\nla destrezza di 1',100,'57','Premio punti missione',62,'2010-12-21 19:24:50',4,0,0,0,0,0,0,0,6),(504,'L\'antica maschera del cavaliere decaduto',17,'9','3500','0',30,'-','4','ANTI-OSCURO CLASSE-UNIQUE','Il carisma di 1.\r\nModifica il regain dei pf di 1.\r\nModifica grado di minaccia di 3.\r\nModifica l\'AC di 6.\r\nModifica l\'intelligenza di 1.',100,'44','Gnoll Oscuro',2,'2010-03-03 01:35:35',19,0,0,0,0,0,0,0,6),(505,'Una garza di protezione',16,'2','3500','351',30,'-','3','ANTI-MONACO CLASSE-UNIQUE FRAGILE','La destrezza di 2.\r\nModifica l\'AC di 4.',100,'18','Maestro dell\'arte del drago',38,'2010-04-13 15:44:44',8,0,0,0,0,0,0,0,6),(506,'Un ariete',1,'4','6858','685',41,'Da 3 a 15 (media 9)',null,'Proprieta\' speciali: ANTI-BARBARO CLASSE-UNIQUE','Modifica il peso di 8.',100,'27','Gigante Guardiano',38,'2010-03-04 10:27:05',14,0,0,0,0,0,0,0,2),(507,'Lo scudo torre del cavaliere decaduto',17,'108','3500','351',30,'-','30','ANTI-OSCURO CLASSE-UNIQUE','La resistenza al divino di 4.\r\nModifica l\'AC di 1.',100,'44','Gnoll Oscuro',2,'2010-03-04 19:00:21',10,0,0,0,0,0,0,0,6),(508,'Un martello molto grosso',1,'3','02','6',5,'Da 1 a 4 (media 2)','-','MAGICO',null,100,'46','Per terra dal falegname',38,'2010-03-05 19:25:27',23,0,0,0,0,0,0,0,2),(509,'Una grossa mazza di legno nero',1,'4','E 100','16',8,'Da 2 a 6 (media 4)','-','Nessuno','Grado di minaccia di 3.',102,'46','Slaad',38,'2010-03-05 19:27:03',14,0,0,0,0,0,0,0,2),(510,'Una lunga cappa 2',15,'1','2405','247',30,'-','0','MAGICO ANTI-BUONO ANTI-CATTIVO','La capacita\' di disarmare di 2.\r\nModifica il regain dei pf di 4.\r\nModifica grado di minaccia di -1.',100,'80','All\'ingresso di libra, uno dei mob',2,'2010-03-06 13:33:50',4,0,0,0,0,0,0,0,6),(511,'Un corpetto a scaglie',16,'22','1502','156',25,'-','4','ANTI-CATTIVO ANTI-BARBARO ANTI-PSIONICO ANTI-OSCURO ANTI-PALADINO','I punti ferita di 3.\r\nModifica il regain dei pf di 2.',100,'80','Ranger elfico vicino il druido',2,'2010-03-06 13:31:55',4,0,0,0,0,0,0,0,6),(512,'Una scimitarra di acciaio',1,'4','1708','171',25,'Da 1 a 10 (media 5)','-','ANTI-CATTIVO ANTI-MAGO ANTI-DRUIDO ANTI-NECROMANTE ANTI-MONACO ANTI-STREGONE RESISTENTE','Il tiro al danno di 2.',100,'80','Ranger elfico vicino il druido',2,'2010-03-06 13:32:43',14,0,0,0,0,0,0,0,1),(513,'Un\'alabarda da guerra',1,'8','6805','688',45,'Da 4 a 12 (media 8)','-','BENEDETTO ANTI-MAGO ANTI-CHIERICO ANTI-DRUIDO ANTI-BARBARO ANTI-PSIONICO ANTI-MONACO ANTI-STREGONE RESISTENTE','Il tiro al danno di 3.\r\nModifica lo spell fail di -2.',100,'18','Guardia armata a nord',2,'2010-03-06 14:26:03',23,0,0,0,0,0,0,0,3),(514,'Una mazza frusta',1,'6','4105','416',35,'Da 3 a 12 (media 7)','-','MAGICO BENEDETTO ANTI-CATTIVO RESISTENTE','Il tiro per colpire di 2.\r\nModifica grado di minaccia di 3.',100,'16','Capitano delle guardie',2,'2010-03-06 16:01:11',14,0,0,0,0,0,0,0,2),(515,'Una corta spada di acciaio',1,'15','6703','673',45,'Da 4 a 16 (media 10)','-','ANTI-MAGO ANTI-LADRO ANTI-DRUIDO ANTI-PSIONICO ANTI-MONACO ANTI-STREGONE\r\nMaggiora il danno solo contro la razza vampiro','Il tiro al danno di 3.\r\nModifica la forza di 1.\r\nModifica lo spell fail di -2.',100,'18','Guardia armata a nord',2,'2010-03-07 18:37:42',14,0,0,0,0,0,0,0,1),(516,'Uno scudo circolare',2,'54','5200','520',40,'-','28','ANTI-MAGO ANTI-PSIONICO ANTI-RANGER ANTI-STREGONE','L\'AC di 5.\r\nModifica il tiro per colpire di 1.\r\nModifica il tiro al danno di 1.\r\nAumenta la tua riduzione dei danni di 1.',100,'18','Guardia armata a nord',2,'2010-03-07 18:40:48',10,0,0,0,0,0,0,0,6),(517,'Una picca',1,'2','02','1',2,'Da 1 a 2 (media 1)','-','ANTI-LADRO CLASSE-UNIQUE',null,100,'58','Sevua',2,'2010-03-07 18:53:35',14,0,0,0,0,0,0,0,3),(518,'Un fazzoletto bianco',15,'1','E 106','17',6,'-','0','FRAGILE ANTI-UOMO','Il mana di 4.',100,'82','Donna',2,'2010-03-11 13:17:59',5,0,0,0,0,0,0,0,6),(519,'Una divisa della banca',15,'1','1102','110',21,'-','0','ANTI-CATTIVO ANTI-LADRO FRAGILE','Il mana di 5.\r\nModifica l\'AC di 5.',100,'41','Drahl il banchiere',2,'2010-03-13 17:07:17',4,0,0,0,0,0,0,0,6),(520,'Un libro',13,'1','00','1',2,'-','-','MAGICO FRAGILE',null,100,'41','Towak il mago',2,'2010-03-13 17:11:01',15,0,0,0,0,0,0,0,6),(521,'Una lente d\'ingrandimento',4,'0','02','6',2,'-','-','FRAGILE','Il regain del mana di 1.',100,'41','Prewyan il gioielliere',2,'2010-03-13 17:14:29',15,0,0,0,0,0,0,0,6),(522,'Un fischietto d\'argento',4,'0','00','1',2,'-','-','Nessuno','Quando si indossa emette un fischio.',100,'41','Prewyan il gioielliere',2,'2010-03-13 17:16:40',15,0,0,0,0,0,0,0,6),(523,'Un pestello',18,'0','00','1',2,'-','-','Nessuno',null,100,'41','Graumyr l\'erborista',2,'2010-03-13 17:21:45',15,0,0,0,0,0,0,0,6),(524,'Un mantello chiaro',15,'1','9','9',6,null,'0',null,'Modifica l\'AC di 1.\r\nModifica i tiri salvezza su Riflessi di 1',100,'52','Gnomo sapiente',38,'2010-03-16 15:49:24',22,0,0,0,0,0,0,0,6),(525,'Una cintura di gemme nere',16,'2','5705','571',41,'-','0','INVISIBILE NON-POSABILE NON-RIMUOVIBILE ANTI-CHIERICO ANTI-DRUIDO ANTI-PALADINO ANTI-RANGER FRAGILE','La destrezza di 2.\r\nModifica il regain dei pf di 3.\r\nModifica l\'AC di 1.',100,'2','Ibrido di uomo pipistrello',2,'2010-03-18 23:16:32',12,0,0,0,0,0,0,0,6),(526,'Un ampio cimiero piumato',2,'4','6501','658',45,'-','10','ANTI-MAGO ANTI-LADRO ANTI-BARBARO ANTI-PSIONICO ANTI-NECROMANTE ANTI-MONACO ANTI-STREGONE','Il tiro al danno di 3.\r\nModifica i punti ferita di 3.\r\nModifica grado di minaccia di 2.',100,'18','Capitano delle guardie',2,'2010-03-20 00:38:42',5,0,0,0,0,0,0,0,6),(527,'Una mazza chiodata 2',1,'7','5003','504',41,'Da 3 a 15 (media 9)','-','ANTI-BARBARO CLASSE-UNIQUE RESISTENTE','Il tiro al danno di 2.\r\nModifica i punti ferita di 1.\r\nModifica grado di minaccia di 3.',100,'18','Boia',2,'2010-03-20 04:02:19',14,0,0,0,0,0,0,0,2),(528,'Una comoda armatura intrecciata',2,'45','6005','607',45,'-','8','ANTI-MAGO ANTI-LADRO ANTI-CHIERICO ANTI-DRUIDO ANTI-VAMPIRO ANTI-BARBARO ANTI-PSIONICO ANTI-STREGONE','La destrezza di 1.\r\nModifica il regain dei pf di 3.\r\nModifica il tiro per colpire di 1.\r\nModifica la resistenza all\'energia di 2.',100,'18','Capitano delle guardie',2,'2010-03-20 03:48:22',4,0,0,0,0,0,0,0,6),(529,'Una lancia 2',1,'1','4105','416',35,'Da 3 a 9 (media 6), ed e\' avvelenato','-','AVVELENATO ANTI-MAGO ANTI-GUERRIERO ANTI-CHIERICO ANTI-DRUIDO ANTI-VAMPIRO ANTI-BARBARO ANTI-PSIONICO ANTI-NECROMANTE ANTI-OSCURO ANTI-PALADINO ANTI-MONACO ANTI-STREGONE','Il tiro al danno di 6.\r\nMaggiora il danno solo contro la razza uomo-lucertola',100,'67','Nel baule di Helman man di martello',2,'2010-03-20 16:31:11',14,0,0,0,0,0,0,0,2),(530,'Un arnese da lavoro',1,'3','1102','110',21,'Da 2 a 8 (media 5)','-','ANTI-CHIERICO ANTI-RANGER ANTI-MONACO','Il tiro per colpire di 1.\r\nAumenta i danni dei tuoi incantesimi d\'energia di 2.',100,'67','Helman man di martello',2,'2010-03-20 16:20:54',14,0,0,0,0,0,0,0,2),(531,'Un parafianchi di cuoio',16,'4','7500','0',47,'-','6','ANTI-MAGO ANTI-CHIERICO ANTI-STREGONE','Il tiro al danno di 2.\r\nModifica il regain del movimenti di 2.',100,'18','Capitano delle guardie',2,'2010-03-21 14:09:50',20,0,0,0,0,0,0,0,6),(532,'Un grembiule',15,'1','2905','292',30,'-','0','Nessuno','La saggezza di -1.\r\nModifica la destrezza di 1.\r\nModifica la resistenza al fuoco di 4.\r\nModifica l\'AC di 6.',100,'67','Helman man di martello',2,'2010-03-21 15:10:18',4,0,0,0,0,0,0,0,6),(533,'Uno scudo di bronzo',16,'27','E 205','27',10,'-','8','RESISTENTE','Il tiro al danno di 1.\r\nModifica grado di minaccia di 2.',100,'30','Formica di guardia',2,'2010-10-20 12:52:49',10,0,0,0,0,0,0,0,6),(534,'Una lancia di avorio',1,'1','E 605','67',15,'Da 1 a 6 (media 3)','-','ANTI-BUONO ANTI-MAGO ANTI-CHIERICO ANTI-DRUIDO ANTI-PALADINO ANTI-RANGER ANTI-MONACO ANTI-STREGONE','Lo spell fail di 3.\r\nModifica il tiro al danno di 1.\r\nModifica il peso di 1.',100,'30','Formica di guardia',2,'2010-03-21 17:45:13',14,0,0,0,0,0,0,0,3),(535,'Una cintura dorata',16,'2','6805','688',45,'-','6','MAGICO ANTI-MAGO ANTI-CHIERICO ANTI-BARBARO ANTI-NECROMANTE','Lo spell fail di 4.\r\nModifica il regain dei pf di 2.\r\nModifica la forza di 2.\r\nModifica l\'AC di 9.',100,'30','Giovane Uomo',2,'2010-03-21 17:49:28',12,0,0,0,0,0,0,0,6),(536,'Un\'arpa d\'oro',19,'4','4202','420',41,'-','-','ETERNO',null,100,'30','Giovane Uomo',2,'2010-03-21 18:18:30',21,0,0,0,0,0,0,0,6),(537,'Un braccialetto di giada',15,'1','3003','300.',31,'-','0.','ANTI-DRUIDO ANTI-NECROMANTE ANTI-OSCURO ANTI-PALADINO ANTI-DONNA','Il tiro al danno di 1.\r\nModifica i punti ferita di 2.\r\nModifica il tiro per colpire di 1.',100,'39','Sindaco dei duergar',2,'2010-03-21 20:41:36',13,0,0,0,0,0,0,0,6),(538,'Un medaglione d\'argento',16,'1','1102','0',21,'-','5','MAGICO ANTI-MAGO ANTI-GUERRIERO ANTI-CHIERICO ANTI-BARBARO ANTI-NECROMANTE ANTI-STREGONE RESISTENTE','Lo spell fail di -1.\r\nModifica i punti ferita di 2.\r\nModifica il mana di 8.',100,'30','Regina Termiti',2,'2010-03-23 22:15:13',3,0,0,0,0,0,0,0,6),(539,'Un medaglione di smeraldi e perle',4,'5','3103','0',31,'-','-','INVISIBILE MAGICO ANTI-CATTIVO FRAGILE','La saggezza di 2.',100,'35','Capo VIllaggio',2,'2010-03-23 23:26:22',3,0,0,0,0,0,0,0,6),(540,'Una maschera di cristallo',16,'4','5508','556',45,'-','3','MAGICO ANTI-CATTIVO FRAGILE','Lo spell fail di -20.\r\nModifica l\'intelligenza di 1.',100,'47','Tyrael il Saggio',2,'2010-03-23 23:40:12',19,0,0,0,0,0,0,0,6),(541,'Un medaglione di ambra',4,'2','5508','556',45,'-','-','ANTI-CATTIVO FRAGILE','La saggezza di 2.\r\nAumenta la difficolta\' di resistere ai tuoi incantesimi di 2.',100,'47','Tyrael il Saggio',2,'2010-03-23 23:41:05',3,0,0,0,0,0,0,0,6),(542,'Una maschera di giada',15,'1','9700','975',50,'-','0','ANTI-GUERRIERO ANTI-VAMPIRO ANTI-BARBARO ANTI-OSCURO ANTI-PALADINO ANTI-RANGER ANTI-MONACO CLASSE-UNIQUE','La destrezza di 1.\r\nModifica i punti ferita di 5.\r\nModifica il tiro al danno di 1.\r\nModifica il carisma di 1.',100,'80','Elfo Ramingo',2,'2010-03-24 16:35:12',19,0,0,0,0,0,0,0,6),(543,'Un giaco a fasce diagonali',16,'22','3605','367',35,'-','5','ANTI-MAGO ANTI-BARBARO ANTI-PSIONICO ANTI-OSCURO ANTI-PALADINO ANTI-RANGER ANTI-MONACO RESISTENTE','I punti movimento di 2.\r\nAumenta la tua riduzione dei danni di 2.\r\nModifica lo spell fail di 4.',100,'80','Si compra dal nano Bronkok',38,'2010-03-24 16:44:33',4,0,0,0,0,0,0,0,6),(544,'Una comoda giacca ad anelli',16,'22','1502','156',25,'-','4','BENEDETTO ANTI-MAGO ANTI-CHIERICO ANTI-BARBARO ANTI-PSIONICO ANTI-NECROMANTE ANTI-STREGONE RESISTENTE','Il tiro per colpire di 1.\r\nModifica l\'eta\' di -1.',100,'80','Si compra dal nano Bronkok',38,'2010-03-24 16:45:54',4,0,0,0,0,0,0,0,6),(545,'Un paio di gambali bronzei',16,'9','2500','255',25,'-','5','ANTI-RANGER CLASSE-UNIQUE RESISTENTE','La forza di 1.\r\nModifica la destrezza di 1.\r\nModifica i punti ferita di 2.\r\nModifica grado di minaccia di 1.',100,'80','Ranger Elfico',2,'2010-03-24 17:15:51',6,0,0,0,0,0,0,0,6),(546,'Una possente spada elfica',1,'20','10200','1,020',50,'Da 4 a 16 (media 10)','-','ANTI-GUERRIERO ANTI-VAMPIRO ANTI-BARBARO ANTI-OSCURO ANTI-PALADINO CLASSE-UNIQUE RESISTENTE','La forza di 1.\r\nMaggiora il danno solo contro la razza nano\r\n\r\nModifica il tiro al danno di 5.\r\nModifica il peso di 1.',100,'80','Elfo Ramingo',58,'2010-11-29 19:48:18',14,0,0,0,0,0,0,0,1),(547,'Un paio di scarponi di ferro 2',2,'4','1102','110',21,'-','-','ANTI-MAGO ANTI-LADRO ANTI-CHIERICO ANTI-VAMPIRO ANTI-BARBARO ANTI-PSIONICO ANTI-NECROMANTE ANTI-RANGER ANTI-STREGONE RESISTENTE','Lo spell fail di 5.\r\nModifica il peso di 1.\r\nModifica la capacita\' di caricare di 3.\r\nModifica il tiro al danno di 1.\r\nModifica l\'AC di 4.',100,'80','Acquistati da Bronkok',2,'2010-03-24 17:45:02',21,0,0,0,0,0,0,0,6),(548,'Un grande pettorale di bronzo',2,'45','9700','975',50,'-','10','ANTI-GUERRIERO ANTI-VAMPIRO ANTI-BARBARO ANTI-OSCURO ANTI-PALADINO ANTI-RANGER CLASSE-UNIQUE RESISTENTE','La destrezza di 2.\r\nModifica i punti ferita di 5.',100,'80','Elfo Ramingo',2,'2010-03-24 17:53:44',4,0,0,0,0,0,0,0,6),(549,'Un ascia nanica 3',1,'5','2200','225',30,'Da 2 a 10 (media 6)','-','MAGICO ANTI-CHIERICO ANTI-DRUIDO ANTI-NECROMANTE ANTI-OSCURO ANTI-MONACO','La capacita\' di caricare di 1.\r\nModifica il tiro al danno di 1.\r\nModifica i punti ferita di 2.',100,'80','Si compra dal venditore',38,'2010-03-24 18:37:13',14,0,0,0,0,0,0,0,1),(550,'Un grembiule da lavoro',15,'1','1100','110',20,'-','0-','MAGICO ANTI-BARBARO ANTI-DONNA','La capacita\' di caricare di 2.\r\nAumenta i danni dei tuoi incantesimi di fuoco di 1.\r\nModifica la resistenza al fuoco di 3.',100,'80','Thordeck il fabbro',38,'2010-03-25 15:21:18',4,0,0,0,0,0,0,0,6),(551,'Una lunga spada',1,'4','1708','171',25,'Da 1 a 10 (media 5)','-','MAGICO BENEDETTO ANTI-MAGO ANTI-LADRO ANTI-BARBARO ANTI-PSIONICO ANTI-OSCURO ANTI-PALADINO ANTI-STREGONE RESISTENTE.\r\nMaggiora il danno solo contro la razza drahn','Il tiro al danno di 2.\r\nModifica il peso di 1.',100,'80','Guardia all\'ingresso',2,'2010-03-25 16:25:35',14,0,0,0,0,0,0,0,1),(552,'Un grande scudo 2',2,'54','1805','187',25,'-','20','ANTI-MAGO ANTI-CHIERICO ANTI-VAMPIRO ANTI-BARBARO ANTI-STREGONE RESISTENTE','Il tiro al danno di 1.\r\nModifica la resistenza all\'energia di 1.\r\nModifica l\'AC di 5.',100,'80','Guardia all\'ingresso o acquistato dal Bronkok',2,'2010-03-25 16:27:44',10,0,0,0,0,0,0,0,6),(553,'Un piccolo pugnale',1,'1','2700','270',30,'Da 3 a 9 (media 6)','-','MAGICO ANTI-LADRO CLASSE-UNIQUE RESISTENTE','Il tiro al danno di 2.\r\nModifica la capacita\' di pugnalare di 2.\r\nModifica grado di minaccia di -1.',100,'80','Guardia all\'ingresso',2,'2010-03-25 16:29:01',14,0,0,0,0,0,0,0,3),(554,'Un infuso arancione',6,'0','E 200','25',10,'-','-','Nessuno','Puo\' effettuare a livello 23 le seguenti magie: \r\n - \'cure poison\'',100,'80','Acquistati da Liudolfo l\'erbolario',2,'2010-03-25 16:51:22',21,0,0,0,0,0,0,0,6),(555,'Un infuso verde',6,'0','E 200','25',10,'-','-','Nessuno','Puo\' effettuare a livello 19 le seguenti magie: \r\n - \'teleport\'',100,'80','Acquistati da Liudolfo l\'erbolario',2,'2010-03-25 16:52:12',21,0,0,0,0,0,0,0,6),(556,'Un infuso rosso',6,'0','E 200','25',10,'-','-','Nessuno','Puo\' effettuare a livello 19 le seguenti magie: \r\n - \'nuovo vigore\'',100,'80','Acquistati da Liudolfo l\'erbolario',2,'2010-03-25 16:53:03',21,0,0,0,0,0,0,0,6),(557,'Un infuso bianco',6,'0','E 200','25',10,'-','-','Nessuno','Puo\' effettuare a livello 19 le seguenti magie: \r\n - \'cura cecita\'',100,'80','Acquistati da Liudolfo l\'erbolario',2,'2010-03-25 16:53:44',21,0,0,0,0,0,0,0,6),(558,'Un infuso giallo',6,'0','E 200','25',10,'-','-','Nessuno','Puo\' effettuare a livello 21 le seguenti magie: \r\n - \'cura critiche\'',100,'80','Acquistati da Liudolfo l\'erbolario',2,'2010-03-25 16:54:32',21,0,0,0,0,0,0,0,6),(559,'Una tenera foglia di aloe',20,'0','00','1',2,'-','-','Nessuno','La resistenza all\'acido di 1.',100,'80','Acquistati da Liudolfo l\'erbolario',2,'2010-03-25 17:29:04',21,0,0,0,0,0,0,0,6),(560,'Dell\'erba medicinale',20,'0','00','1',2,'-','-','Nessuno','Puo\' effettuare a livello 14 le seguenti magie: .\r\n - \'cura leggere\'.\r\n - \'cura leggere\'.',100,'80','Acquistati da Liudolfo l\'erbolario',2,'2010-03-25 17:34:00',21,0,0,0,0,0,0,0,6),(561,'Un erba curativa',20,'0','00','1',2,'-','-','Nessuno','Puo\' effettuare a livello 15 le seguenti magie: .\r\n - \'cura critiche\'.\r\n - \'cura leggere\'.',100,'80','Acquistati da Liudolfo l\'erbolario',2,'2010-03-25 17:54:54',15,0,0,0,0,0,0,0,6),(562,'Un paio di pantaloni bianchi con riflessi azzurri',15,'1','2105','212',25,'-','0','ANTI-MAGO ANTI-LADRO ANTI-GUERRIERO ANTI-DRUIDO ANTI-VAMPIRO ANTI-BARBARO ANTI-PSIONICO ANTI-NECROMANTE ANTI-OSCURO ANTI-MONACO ANTI-STREGONE','Il regain del mana di 5.\r\nModifica l\'intelligenza di 1.\r\nModifica la forza di 1.\r\nAumenta gli effetti dei tuoi incantesimi di cura di 2.',100,'39','Istruttore',38,'2010-03-26 11:16:22',6,0,0,0,0,0,0,0,6),(563,'Un paio di stivali eterei',15,'0','1802','182.',27,'-','3.','NON-RIMUOVIBILE\r\nTi da la proprieta\' di volare',null,102,'15','Nella stanza segreta del governatore la chiave l\'ha lui',2,'2010-03-27 17:37:19',7,0,0,0,0,0,0,0,6),(564,'Un anellino di giada',4,'0','800','81',18,'-','-','MAGICO ANTI-MAGO ANTI-VAMPIRO ANTI-OSCURO ANTI-STREGONE FRAGILE','La capacita\' di pugnalare di 1.\r\nModifica la capacita\' di parare di 2.\r\nModifica il tiro per colpire di 1.\r\nAumenta gli effetti dei tuoi incantesimi di cura di 2.',100,'15','Nella stanza segreta del governatore la chiave l\'ha lui',2,'2010-03-27 20:16:14',2,0,0,0,0,0,0,0,6),(565,'Una spada lunga (2)',1,'20','00','625',50,'Da 5 a 14 (media 9)','-','LUMINOSO','Il tiro per colpire di 3.',100,'15','Spettro del guardiamarina',2,'2010-03-27 18:42:55',14,0,0,0,0,0,0,0,1),(566,'Una pesante clava di pietra',1,'2','3200','0',30,'Da 1 a 10 (media 5)','-','ANTI-BARBARO CLASSE-UNIQUE','Il tiro al danno di 2.',100,'37','Gigante',38,'2010-03-29 17:46:33',14,0,0,0,0,0,0,0,2),(567,'Una coroncina di pietre preziose',4,'0','40','4',4,'-','-','BENEDETTO','Il regain dei pf di 1.',100,'87','Spirito guardiano ad est di Crysilda',56,'2010-04-02 13:24:20',5,0,0,0,0,0,0,0,6),(568,'Uno scettro d\'ossa 2',1,'20','8403','845',51,'Da 4 a 16 (media 10)','-','FRAGILE','Il tiro al danno di 3.\r\nModifica grado di minaccia di 3.',100,'47','Exarkuros',2,'2010-04-02 19:59:10',23,0,0,0,0,0,0,0,2),(569,'Una cintura di ossa',2,'5','6805','688',45,'-','9','FRAGILE','I punti ferita di 3.\r\nModifica lo stato mentale di -50.\r\nModifica il regain dei pf di 2.\r\nTi rende resistente alle armi da taglio\r\nModifica la forza di 1.\r\nModifica la costituzione di 1.\r\nModifica grado di minaccia di 3.\r\nModifica lo spell fail di -3.',100,'47','Exarkuros',2,'2010-04-02 20:01:07',12,0,0,0,0,0,0,0,6),(570,'Un paracolpi di ferro',15,'2','1303','132',21,'-','0','ANTI-BUONO ANTI-MAGO ANTI-CHIERICO ANTI-VAMPIRO ANTI-PSIONICO ANTI-OSCURO ANTI-STREGONE ANTI-DONNA','Il tiro al danno di 1.\r\nModifica la forza di 1.\r\nModifica i punti ferita di 1.',100,'39','Allievo duergar',2,'2010-04-02 22:05:37',13,0,0,0,0,0,0,0,6),(571,'Un enorme guscio di lumaca',2,'45','7802','781',50,'-','10','ANTI-LADRO ANTI-GUERRIERO ANTI-CHIERICO ANTI-VAMPIRO ANTI-PSIONICO ANTI-OSCURO ANTI-PALADINO ANTI-STREGONE RESISTENTE','La resistenza al magico di 4.\r\nModifica l\'AC di 10.\r\nModifica la destrezza di 1.\r\nModifica i punti ferita di 1.',100,'64','Signora delle Lumache',2,'2010-04-03 17:09:47',4,0,0,0,0,0,0,0,6),(572,'Un\'armatura dorata da paladino',17,'93','10200','1,020',50,'-','13','MAGICO ANTI-PALADINO CLASSE-UNIQUE RESISTENTE','La resistenza al divino di 5.\r\nModifica la forza di 1.\r\nModifica l\'AC di 11.',100,'55','Rogondor',2,'2010-04-14 17:00:45',4,0,0,0,0,0,0,0,6),(573,'Una spada d\'oro',1,'22','10200','1020',50,'Da 4 a 16 (media 10)','-','MAGICO ANTI-PALADINO CLASSE-UNIQUE RESISTENTE','Il tiro al danno di 1.\r\nModifica il tiro per colpire di 2.\r\nModifica grado di minaccia di 3.',100,'55','Rogondor',2,'2010-04-14 17:14:50',14,0,0,0,0,0,0,0,1),(574,'Una corona di diamanti color rosso sangue',4,'4','7701','773',47,'-','-','Nessuno','L\'eta\' di -5.\r\nModifica il tiro al danno di 3.\r\nModifica il regain dei pf di 11.',100,'66','Una bestia del chaos',56,'2010-04-14 22:18:16',5,0,0,0,0,0,0,0,6),(575,'Un prezioso elmo di titanite',16,'2','5403','0',41,'-','4','ANTI-MAGO ANTI-CHIERICO ANTI-DRUIDO ANTI-NECROMANTE ANTI-STREGONE','Il peso di 5.\r\nModifica il tiro al danno di 1.\r\nModifica i punti ferita di 3.\r\nModifica il regain dei pf di 1.',100,'39','Comandate Castamhir',2,'2010-04-15 00:06:08',5,0,0,0,0,0,0,0,6),(576,'Una spada di ferro',1,'3','562','56',15,'-','-','MAGICO ANTI-CATTIVO ANTI-CHIERICO ANTI-OSCURO ANTI-PALADINO ANTI-RANGER ANTI-MONACO RESISTENTE','Lo spell fail di 3.\r\nModifica il tiro per colpire di 1.',100,'84','Stanza con guardie dormienti a sud est del Satiro',56,'2010-04-16 17:44:33',14,0,0,0,0,0,0,0,1),(577,'Una corazza di ferro 2',17,'90','360','36',12,'-','4','RESISTENTE','Il peso di 1.\r\nModifica l\'AC di 2.',100,'84','Stanza con guardie dormienti a sud est del Satiro',56,'2010-04-16 17:48:23',4,0,0,0,0,0,0,0,6),(578,'Una sciabola da pirata',1,'4','1102','110',21,'Il danno va da 2 a 8 (media 5)','-','NON-RIMUOVIBILE ANTI-MAGO','Il tiro per colpire di 1.\r\nModifica grado di minaccia di 3.',100,'15','Lo spettro del capitano Sparrow',56,'2010-04-16 18:31:03',14,0,0,0,0,0,0,0,4),(579,'Un anello luminoso',4,'0','5508','556',45,'-','-','LUMINOSO RESISTENTE','Il tiro per colpire di 3.\r\nModifica la resistenza all\'energia di 1.',100,'5','Demone Nalfeshnee',2,'2010-04-17 20:51:34',2,0,0,0,0,0,0,0,6),(580,'Un elmo eburneo',17,'10','363','0',11,'-','-','MAGICO BENEDETTO ANTI-CATTIVO ANTI-NEUTRALE ANTI-PALADINO CLASSE-UNIQUE RESISTENTE','Il tiro al danno di 1.',100,'46','Nel baule al settimo cerchio',2,'2010-04-23 20:59:53',5,0,0,0,0,0,0,0,6),(581,'Un anello con zaffiro',17,'0','363','0',11,'-','-','ANTI-CATTIVO ANTI-NEUTRALE ANTI-PALADINO CLASSE-UNIQUE','Il carisma di 1.\r\nModifica grado di minaccia di 2.',100,'15','Nel baule al settimo cerchio',2,'2010-04-22 14:27:33',2,0,0,0,0,0,0,0,6),(582,'Un turibolo',18,'1','3500','351',30,'-','-','MAGICO BENEDETTO ANTI-CHIERICO CLASSE-UNIQUE RESISTENTE','Il mana di 7.\r\nModifica la saggezza di 1.\r\nAumenta gli effetti dei tuoi incantesimi di cura di 2.',100,'18','Prima del custode si sfonda doppia (room ovest)',2,'2010-04-23 17:30:30',15,0,0,0,0,0,0,0,6),(583,'Un nume tutelare',10,'0','4202','420',41,'-','-','FRAGILE','Il regain del mana di 3.\r\nModifica la saggezza di 1.\r\nModifica la fortuna di 1.\r\nAumenta i danni dei tuoi incantesimi di ghiaccio di 1.',100,'18','Nella prima nicchia dalle manticore, tempio ovest',2,'2010-04-23 17:44:20',15,0,0,0,0,0,0,0,6),(584,'Un calice d\'argento',6,'0','4202','420',41,'-','-','MAGICO ANTI-BUONO ANTI-NEUTRALE NON-RIMUOVIBILE ETERNO','Puo\' effettuare a livello 11 le seguenti magie: \r\n - \'brezza di naria\'\r\n - \'brezza di naria\'\r\n - \'brezza di naria\'',100,'18','Nel sarcofago dalle manticore, tempio ovest (la chiave Ã¨ nella seconda nicchia)',2,'2010-04-23 17:46:49',21,0,0,0,0,0,0,0,6),(585,'Un antico medaglione d\'oro',4,'1','6870','687',50,'-','-','RONZANTE NON-RIMUOVIBILE RESISTENTE.\r\nAumenta la difficolta\' di resistere ai tuoi incantesimi di 2.','La fortuna di 2.\r\nModifica lo spell fail di -2.',100,'15','Capitano Sparrow',2,'2010-06-28 12:13:03',3,0,0,0,0,0,0,0,6),(586,'Una mazza a due teste',1,'5','2803','288',31,'Da 2 a 12 (media 7)','-','LUMINOSO MAGICO BENEDETTO ANTI-CHIERICO CLASSE-UNIQUE','Il tiro al danno di 1.\r\nModifica il tiro per colpire di 1.\r\nModifica lo spell fail di -5.',100,'24','Alto Prelato',2,'2010-04-23 18:59:59',23,0,0,0,0,0,0,0,2),(587,'Una fede nuziale',4,'0','4202','420',41,'-','-','INVISIBILE MAGICO FRAGILE','Il mana di 20.',100,'70','Pacrax',2,'2010-04-23 19:16:06',2,0,0,0,0,0,0,0,6),(588,'Un pugnale d\'osso',1,'1','399','39',11,'Da 2 a 4 (media 3)','-','MAGICO ANTI-LADRO CLASSE-UNIQUE FRAGILE','La capacita\' di pugnalare di 2.\r\nModifica il tiro per colpire di 1.\r\nModifica grado di minaccia di -2.',100,'30','Formica predone',47,'2010-07-06 14:14:56',14,0,0,0,0,0,0,0,3),(589,'Un paio di stivali di scura pelle',16,'2','1433','0',21,'-','3','ANTI-CATTIVO ANTI-MAGO ANTI-BARBARO ANTI-PSIONICO ANTI-PALADINO','Modifica i punti ferita di 3.\r\nModifica il tiro per colpire di 1.\r\nModifica l\'AC di 2.\r\nModifica lo spell fail di -1.',100,'57',null,2,'2010-10-31 00:58:36',7,0,0,0,0,0,0,0,6),(590,'Dei pantaloni rivestiti di scaglie d\'oro',2,'18','4202','420',41,'-','9','RESISTENTE','La destrezza di 1.\r\nLa resistenza all\'energia di 3.',100,'5','Namarra',2,'2010-11-02 12:57:36',6,0,0,0,0,0,0,0,6),(591,'Degli splendidi magli dorati',17,'18','6250','625',50,null,'12','LUMINOSO ETERNO','Il tiro al danno di 1.\r\nil tiro per colpire di 1.\r\nl\'AC di 3.\r\ni tiri salvezza su Riflessi di 1.',100,'5','Premio quest dato da joel',2,'2010-11-02 14:01:24',9,0,0,0,0,0,0,0,6),(592,'Una robusta corazza di scuro cuoio',16,'2','1455','145',21,null,'3','MAGICO ANTI-RANGER CLASSE-UNIQUE','La destrezza di 1,\r\nl\'AC di 1,\r\nil regain dei pf di 3',100,'5','Nella room piÃ¹ in basso da Ragognas',2,'2010-11-02 15:41:44',4,0,0,0,0,0,0,0,6),(593,'Lo scudo con l\'effige dell\'ariete d\'oro',17,'108','6250','625',50,'-','37','ETERNO','Il tiro al danno di 1,\r\nil tiro per colpire di 1,\r\nl\'AC di 11',100,'5','Premio quest dato da joel',2,'2010-11-02 15:41:29',10,0,0,0,0,0,0,0,6),(594,'Un anellino di rubini',4,'0','6250','625',50,'-','-','MAGICO ETERNO FRAGILE','Il carisma di 1.\r\nlo spell fail di -5.',100,'5','Premio quest dato da joel',2,'2010-11-02 16:43:37',2,0,0,0,0,0,0,0,6),(595,'Morhax la tagliateste',1,'15','6682','668',45,'Da 5 a 15 (media 10)','-','LUMINOSO ANTI-GUERRIERO CLASSE-UNIQUE','Il tiro al danno di 3',100,'70','Radaver',2,'2010-11-02 19:26:40',14,0,0,0,0,0,0,0,1),(596,'Un Pettorale delle Nubi',16,'22','1360','0',20,'-','3','RONZANTE ANTI-LADRO ANTI-DRUIDO ANTI-PSIONICO ANTI-RANGER FRAGILE','La resistenza all\'elettricita\' di 2',100,'21','Si cerca nella room della cuspide, una volta preso poppa l\'elementale dell\'elettricitÃ ',2,'2010-11-13 13:06:33',4,0,0,0,0,0,0,0,6),(597,'Akrit\'thar la leggendaria spada degli elfi',1,'15','5062','506',45,'Da 4 a 16 (media 10)','-','MAGICO ANTI-CATTIVO ANTI-NEUTRALE ANTI-LADRO ANTI-DRUIDO ANTI-VAMPIRO ANTI-BARBARO ANTI-OSCURO ANTI-RANGER ANTI-MONACO','Il tiro al danno di 3',100,'2','Premio Quest Nyrith',53,'2011-01-17 00:07:06',23,0,0,0,0,0,0,0,1),(598,'La runa della Rosa',18,'0','2402','240',31,'-','-','Nessuna','Niente',100,'2','Oggetto per accedere alla torre di smeraldo',2,'2010-11-13 18:34:19',15,0,0,0,0,0,0,0,6),(599,'Il Dente di Demone',1,'1','5705','571',41,'Da 2 a 12 (media 7), ed e\' avvelenato','-','RONZANTE MAGICO NON-POSABILE AVVELENATO ANTI-NEUTRALE NON-RIMUOVIBILE ANTI-MAGO ANTI-GUERRIERO ANTI-CHIERICO ANTI-DRUIDO ANTI-VAMPIRO ANTI-BARBARO ANTI-NECROMANTE ANTI-OSCURO ANTI-PALADINO ANTI-RANGER ANTI-MONACO ANTI-STREGONE RESISTENTE','il tiro al danno di 1.\r\nla capacita\' di pugnalare di 2.\r\nil tiro per colpire di 1',100,'27','Stanza dei cimeli la chiave l\'ha Zalis',2,'2010-11-13 22:38:14',14,0,0,0,0,0,0,0,3),(600,'Una collana di diamanti grezzi',4,'0','4165','416',35,'-','-','ANTI-BUONO ANTI-MAGO ANTI-CHIERICO ANTI-VAMPIRO ANTI-PALADINO ANTI-RANGER ANTI-STREGONE FRAGILE','la fortuna di 1.\r\nla saggezza di 1.\r\nil mana di 8',100,'27','Stanza dei cimeli la chiave l\'ha Zalis.',2,'2010-11-13 22:37:51',3,0,0,0,0,0,0,0,6),(601,'Una veste rossa (2)',15,'1','6885','0',45,'-','0','MAGICO ANTI-BUONO ANTI-CATTIVO ANTI-VAMPIRO ANTI-BARBARO ANTI-OSCURO ANTI-PALADINO ANTI-RANGER FRAGILE','lo spell fail di -5.\r\nil regain del mana di 8.\r\nla resistenza al fuoco di 5',100,'30','Giovane uomo',2,'2010-11-14 01:00:10',4,0,0,0,0,0,0,0,6),(602,'Un mantello in pelle di pecora',15,'1','2343','234',25,'-','0','ANTI-NEUTRALE ANTI-DONNA','la resistenza al freddo di 2',100,'39','Sindaco, percentuale probabile di drop 0,000000000000000000000000000000000000000000001%',2,'2010-11-14 02:17:32',22,0,0,0,0,0,0,0,6),(603,'Gli stivali dell\'agilita\' in pelle di lucertola',15,'3','2402','240',50,'-','0','MAGICO FRAGILE','l\'AC di 3.\r\nil tiro per colpire di 2.\r\ngrado di minaccia di -2',100,'55','Premio missioni 2500 pm',2,'2010-11-14 12:19:57',7,0,0,0,0,0,0,0,6),(604,'Una goccia di sangue di demone',18,'0','1102','0',21,'-','-',null,null,100,'47','Ucciso Exarkuros serve per tornare indietro posandolo al ponte sull\'infinito',2,'2010-11-14 12:58:28',21,0,0,0,0,0,0,0,6),(605,'Un tentacolo del kraken',7,'0','002','0',11,'-','-','Un tentacolo del kraken sembra essere di piccola capacita\'.',null,100,'2','Kraken',2,'2010-11-14 12:58:13',21,0,0,0,0,0,0,0,6),(606,'Uno zaino di tela',7,'1','002','0',1,'-','-','Uno zaino di tela sembra essere di piccola capacita\'.',null,100,'55','Sala doni',2,'2010-11-14 13:00:54',18,0,0,0,0,0,0,0,6),(607,'Una cassetta di ebano',7,'13','202','0',9,'-','-','Una cassetta di ebano sembra essere abbastanza capiente.',null,100,'30','Termite di guardia',2,'2010-11-14 13:02:32',21,0,0,0,0,0,0,0,6),(608,'Una piuma nera',18,'0','5062','0',41,'-','-',null,null,100,'47','Ucciso Exarkuros dare la piuma a Tyrael per la quest 8M di px',2,'2010-11-14 13:04:15',21,0,0,0,0,0,0,0,6),(609,'Un paio di scarponi di ferro (2)',16,'2','1562','156',25,'-','4','ANTI-MAGO ANTI-LADRO ANTI-CHIERICO ANTI-VAMPIRO ANTI-BARBARO ANTI-PSIONICO ANTI-NECROMANTE ANTI-RANGER ANTI-STREGONE','la capacita\' di caricare di 2.\r\nil peso di 1.\r\ni punti movimento di -5.\r\nil tiro al danno di 1.\r\nl\'AC di 3',100,'39','Thaleni',2,'2010-11-14 16:04:45',7,0,0,0,0,0,0,0,6),(610,'Una cassa con serratura',7,'13','000','1',2,'-','-',null,null,100,'41','Acquistata dal rigattiere',2,'2010-11-20 13:55:54',21,0,0,0,0,0,0,0,6),(611,'Un pugnale nero',1,'1','000','306',35,'Da 3 a 8 (media 5)','-','nessuno','il tiro per colpire di 1',100,'29','Nani oscuri',38,'2010-11-22 19:08:41',14,0,0,0,0,0,0,0,6),(612,'Una collana di rubini',4,'0','6580','658',45,'-','-','FRAGILE','il mana di 25',100,'5','Elementale dell\'aria',53,'2011-01-07 02:35:11',3,0,0,0,0,0,0,0,6),(613,'Una pulsante sfera di energia psichica',1,'0','1323','0',0,'-','-','ANTI-PSIONICO CLASSE-UNIQUE FRAGILE','il regain dei pf di -35.\r\nil regain del mana di 5.\r\nl\'altezza di 150.\r\nil peso di 2500',100,'57','Si crea col cast \"Sfera Psichica\" dello Psionico.',58,'2010-11-22 19:11:04',1,0,0,0,0,0,0,0,6),(614,'Un lungo artiglio di drago',1,'1','7197','0',42,'Da 5 a 15 (media 10)','-','ANTI-MONACO CLASSE-UNIQUE','il tiro al danno di 2',100,'27','Zalis',38,'2010-11-24 15:42:40',14,0,0,0,0,0,0,0,6),(615,'Un artiglio di tigre',19,'0','000','1',2,'-','-',null,null,100,'41','Narghel l\'ammaestratore di animali',2,'2010-11-24 12:51:40',21,0,0,0,0,0,0,0,6),(616,'la fascia della forza',15,'0','1875','0',25,null,'0','Proprieta\' speciali: ANTI-MONACO CLASSE-UNIQUE','Modifica la destrezza di 1.\r\nModifica la forza di 1.',100,'26','Nymodors',2,'2010-11-28 19:36:51',12,0,0,0,0,0,0,0,6),(617,'dei luminosi bracciali tempestati di diamanti',16,'4','4202','420',41,null,'4','Proprieta\' speciali: LUMINOSO MAGICO FRAGILE','Modifica la resistenza al magico di 1.\r\nModifica il tiro per colpire di 1.\r\nModifica il tiro al danno di 1.\r\nModifica l\'AC di 3.',100,'19','Agdar',38,'2010-11-25 23:12:22',9,0,0,0,0,0,0,0,6),(618,'una cintura eterea',15,'1','7200','0',51,null,'0','Proprieta\' speciali: MAGICO FRAGILE','Modifica la destrezza di 2.\r\nModifica il mana di 10.\r\nModifica grado di minaccia di -2.',100,'15','Spettro del Governatore',58,'2010-11-26 14:06:22',12,0,0,0,0,0,0,0,6),(619,'[NON AAA] una veste purpurea',15,'2','1102','0',21,'-','1','Proprieta\' speciali: ANTI-BUONO ANTI-MAGO ANTI-LADRO ANTI-GUERRIERO ANTI-DRUIDO ANTI-BARBARO ANTI-PALADINO ANTI-RANGER ANTI-STREGONE','Modifica il mana di 7.\r\nModifica lo spell fail di -15.',100,'40','Sacerdote del culto del tempio',2,'2010-12-07 15:55:26',4,0,0,0,0,0,0,0,6),(620,'Una elaborata cintura di argento',2,'4','4777','477',35,'-','0','ANTI-BUONO ANTI-NEUTRALE ANTI-OSCURO CLASSE-UNIQUE','la destrezza di 2.\r\nil regain dei pf di 2.\r\ni punti ferita di 1.\r\nl\'AC di 6',100,'84','Satiro',2,'2010-11-27 16:46:01',12,0,0,0,0,0,0,0,6),(621,'Un paio di gambali laminati',2,'18','1102','110',21,'-','6','MAGICO ANTI-CHIERICO ANTI-DRUIDO ANTI-BARBARO ANTI-PSIONICO ANTI-NECROMANTE ANTI-STREGONE RESISTENTE','sconosciuto di 3.\r\nlo spell fail di 3.\r\nla destrezza di 1.\r\ni punti ferita di 3',100,'10','Guardia',53,'2011-01-18 22:40:52',6,0,0,0,0,0,0,0,6),(622,'Una picca di metallo',1,'1','000','171',25,'Da 2 a 6 (media 4)','-','ANTI-NEUTRALE ANTI-GUERRIERO ANTI-CHIERICO ANTI-NECROMANTE ANTI-PALADINO','la destrezza di 1.\r\nil tiro al danno di 1',100,'10','Guardia d\'elite (Capo)',58,'2010-11-29 19:41:04',15,0,0,0,0,0,0,0,6),(623,'Una pozione bianca',6,'0','1562','156',25,'-','-',null,'Puo\' effettuare a livello 48 le seguenti magie: \r\n - \'resistenza risucchio\'',100,'10','Scaffale ad est di Hodar',58,'2010-11-29 19:43:59',15,0,0,0,0,0,0,0,6),(624,'un bacinetto metallico',17,'9','6500','650',41,null,'1','Proprieta\' speciali: ANTI-GUERRIERO ANTI-VAMPIRO ANTI-BARBARO CLASSE-UNIQUE','Modifica i punti ferita di 5.\r\nModifica la destrezza di 1.\r\nModifica il tiro al danno di 2.\r\nModifica l\'AC di 1.',100,'10','Guardiani prima di Naergoth',2,'2010-12-07 15:23:53',5,0,0,0,0,0,0,0,6),(625,'Una scheggia di ferro (2)',1,'1','1323','132',21,'Da 2 a 4 (media 3)','-','Proprieta\' speciali: ANTI-LADRO CLASSE-UNIQUE RESISTENTE','Maggiora il danno solo contro la razza drahn il tiro al danno di 3',100,'10','Bandito',58,'2010-11-29 19:42:07',15,0,0,0,0,0,0,0,6),(628,'Un orecchino argenteo',4,'1','3539','353',33,'-','-','MAGICO ANTI-CATTIVO ANTI-NEUTRALE FRAGILE','la saggezza di 1\r\nAumenta gli effetti dei tuoi incantesimi di cura di 6.',100,'3','Regina delle ninfe',62,'2010-12-21 19:41:39',16,0,0,0,0,0,0,0,6),(629,'Asgard la spada delle Leggende',1,'20','8843','884',51,'Da 4 a 16 (media 10)','-','MAGICO BENEDETTO ANTI-CATTIVO ANTI-LADRO ANTI-BARBARO ANTI-PSIONICO ANTI-OSCURO ANTI-MONACO ANTI-STREGONE RESISTENTE','lo spell fail di 5.\r\nil tiro al danno di 2.\r\nil tiro per colpire di 1.\r\ngrado di minaccia di 3',100,'30','Sarcofago dopo gli alberoni (Scassinabile o sbloccabile con l\'arpa del giovane uomo)',58,'2010-12-30 13:25:02',14,0,0,0,0,0,0,0,1),(630,'Una spada luminosa',1,'18','7803','780',49,'Da 6 a 12 (media 9)','-','MAGICO ANTI-CATTIVO','il tiro al danno di 1.\r\nil tiro per colpire di 3',100,'58','Invictus',53,'2010-12-26 18:25:42',14,0,0,0,0,0,0,0,1),(631,'Una Borsa con legaccio',7,'4','302','0',11,'-','-','BENEDETTO ANTI-CATTIVO Una borsa con legaccio sembra essere ne piccola ne grande.',null,100,'41','Cassa oro da Raen',53,'2010-12-29 13:06:19',18,0,0,0,0,0,0,0,6),(632,'Una mazza a stella',1,'5','2560','256',32,'Da 3 a 12 (media 7)','-','MAGICO BENEDETTO ANTI-CATTIVO RESISTENTE','il tiro per colpire di 1.\r\ngrado di minaccia di 3',100,'16','Guardia di Adeon',53,'2010-12-30 12:07:36',23,0,0,0,0,0,0,0,2),(633,'Dei magli di mithril',17,'9','4165','416',35,'-','9','MAGICO BENEDETTO ANTI-CATTIVO RESISTENTE','il tiro per colpire di 1.\r\nil tiro al danno di 1.\r\nla resistenza alle armi da punta di 1.\r\ngrado di minaccia di 3',100,'16','Capitano delle guardie',53,'2010-12-30 12:09:35',8,0,0,0,0,0,0,0,6),(634,'Un elaborato elmo di bronzo',2,'4','4800','480',40,'-','10','ANTI-GUERRIERO ANTI-VAMPIRO ANTI-BARBARO ANTI-OSCURO CLASSE-UNIQUE RESISTENTE','il tiro al danno di 2',100,'84','Satiro-comandante guardie',53,'2011-01-01 19:13:52',5,0,0,0,0,0,0,0,6),(635,'Una lancia di mithril',1,'5','2187','218',25,'Da 1 a 8 (media 4)','-','MAGICO BENEDETTO ANTI-CATTIVO RESISTENTE','il tiro per colpire di 1.\r\nil tiro al danno di 1',100,'3','a terra prima di centauro',53,'2011-01-01 19:13:30',14,0,0,0,0,0,0,0,3),(636,'La lacrima d\'argento',4,'0','10','0',2,'-','-','LUMINOSO MAGICO BENEDETTO ANTI-BUONO ANTI-CATTIVO ANTI-VAMPIRO RESISTENTE','Ti rende resistente al non-magico\r\nl\'intelligenza di 1.\r\nil mana di 20.\r\nla fortuna di 2.\r\nl\'AC di -15',1,'41','Gufo da Selce',58,'2011-01-03 20:13:50',3,0,0,0,0,0,0,0,6),(637,'L\'anello della Rosa',15,'1','5589','0',41,'-','0','MAGICO ANTI-LADRO ANTI-GUERRIERO ANTI-VAMPIRO ANTI-BARBARO ANTI-MONACO','lo spell fail di -10.\r\nil regain del mana di 8.\r\nl\'intelligenza di 1.\r\nil tiro per colpire di 1.\r\ngrado di minaccia di -1',100,'2','Sadrielith',53,'2011-01-05 02:08:10',2,0,0,0,0,0,0,0,6),(638,'Un pesante elmo tempestato di diamanti',2,'4','4202','0',41,'-','10','nessuno','il tiro al danno di 2.\r\nl\'AC di 2.\r\ngrado di minaccia di 3',100,'19','Agdar',53,'2011-01-10 23:46:07',5,0,0,0,0,0,0,0,6),(639,'Un anello con una pietra incastonata',15,'1','5463','0',41,'-','0','MAGICO RESISTENTE','la destrezza di 1.\r\nla forza di 1.\r\nil mana di 3.\r\nil regain del mana di 3.\r\nla resistenza all\'energia di 2.\r\nl\'AC di 5',100,'10','Veste Purpurea',53,'2011-01-18 15:53:11',2,0,0,0,0,0,0,0,6),(640,'Un pettorale di piastre scure',17,'90','1100','110',18,'-','6','nessuno','la forza di 1.\ni punti ferita di 1.\nil regain dei pf di 1.\nl\'AC di 3',NULL,NULL,NULL,53,'2011-01-18 15:53:25',0,0,0,0,0,0,0,0,6),(641,'Un pettorale di piastre scure',17,'90','1100','110',18,'-','6','nessuno','la forza di 1.\r\ni punti ferita di 1.\r\nil regain dei pf di 1.\r\nl\'AC di 3',100,'44','gnoll cuoco',53,'2011-01-18 16:01:57',4,0,0,0,0,0,0,0,6);

CREATE TABLE tab_session (
  id_session bigserial NOT NULL,
  session_id char(32) NOT NULL,
  id_user smallint NOT NULL,
  data timestamp NOT NULL,
  ip inet NOT NULL,
  action text NOT NULL,
  user_agent text NOT NULL
)
